-- phpMyAdmin SQL Dump
-- version 5.2.1
-- https://www.phpmyadmin.net/
--
-- Host: hut.mysql.db
-- Generation Time: Dec 20, 2024 at 01:07 PM
-- Server version: 8.0.39-30
-- PHP Version: 8.1.29

SET SQL_MODE = "NO_AUTO_VALUE_ON_ZERO";
START TRANSACTION;
SET time_zone = "+00:00";


/*!40101 SET @OLD_CHARACTER_SET_CLIENT=@@CHARACTER_SET_CLIENT */;
/*!40101 SET @OLD_CHARACTER_SET_RESULTS=@@CHARACTER_SET_RESULTS */;
/*!40101 SET @OLD_COLLATION_CONNECTION=@@COLLATION_CONNECTION */;
/*!40101 SET NAMES utf8mb4 */;

--
-- Database: `hut`
--
CREATE DATABASE IF NOT EXISTS `hut` DEFAULT CHARACTER SET utf8mb4 COLLATE utf8mb4_0900_ai_ci;
USE `hut`;

-- --------------------------------------------------------

--
-- Table structure for table `admin_comments`
--

CREATE TABLE `admin_comments` (
  `id` bigint UNSIGNED NOT NULL,
  `user_id` bigint UNSIGNED NOT NULL,
  `content` text COLLATE utf8mb4_unicode_ci NOT NULL,
  `created_at` timestamp NULL DEFAULT NULL,
  `updated_at` timestamp NULL DEFAULT NULL
) ENGINE=InnoDB DEFAULT CHARSET=utf8mb4 COLLATE=utf8mb4_unicode_ci;

-- --------------------------------------------------------

--
-- Table structure for table `cache`
--

CREATE TABLE `cache` (
  `key` varchar(255) COLLATE utf8mb4_unicode_ci NOT NULL,
  `value` mediumtext COLLATE utf8mb4_unicode_ci NOT NULL,
  `expiration` int NOT NULL
) ENGINE=InnoDB DEFAULT CHARSET=utf8mb4 COLLATE=utf8mb4_unicode_ci;

--
-- Dumping data for table `cache`
--

INSERT INTO `cache` (`key`, `value`, `expiration`) VALUES
('cabane_cache4d134bc072212ace2df385dae143139da74ec0ef', 'i:1;', 1734534322),
('cabane_cache4d134bc072212ace2df385dae143139da74ec0ef:timer', 'i:1734534322;', 1734534322),
('cabane_cached435a6cdd786300dff204ee7c2ef942d3e9034e2', 'i:2;', 1734533903),
('cabane_cached435a6cdd786300dff204ee7c2ef942d3e9034e2:timer', 'i:1734533903;', 1734533903);

-- --------------------------------------------------------

--
-- Table structure for table `cache_locks`
--

CREATE TABLE `cache_locks` (
  `key` varchar(255) COLLATE utf8mb4_unicode_ci NOT NULL,
  `owner` varchar(255) COLLATE utf8mb4_unicode_ci NOT NULL,
  `expiration` int NOT NULL
) ENGINE=InnoDB DEFAULT CHARSET=utf8mb4 COLLATE=utf8mb4_unicode_ci;

-- --------------------------------------------------------

--
-- Table structure for table `failed_jobs`
--

CREATE TABLE `failed_jobs` (
  `id` bigint UNSIGNED NOT NULL,
  `uuid` varchar(255) COLLATE utf8mb4_unicode_ci NOT NULL,
  `connection` text COLLATE utf8mb4_unicode_ci NOT NULL,
  `queue` text COLLATE utf8mb4_unicode_ci NOT NULL,
  `payload` longtext COLLATE utf8mb4_unicode_ci NOT NULL,
  `exception` longtext COLLATE utf8mb4_unicode_ci NOT NULL,
  `failed_at` timestamp NOT NULL DEFAULT CURRENT_TIMESTAMP
) ENGINE=InnoDB DEFAULT CHARSET=utf8mb4 COLLATE=utf8mb4_unicode_ci;

--
-- Dumping data for table `failed_jobs`
--

INSERT INTO `failed_jobs` (`id`, `uuid`, `connection`, `queue`, `payload`, `exception`, `failed_at`) VALUES
(1, '77ded699-4225-4096-bb69-a95d45658df9', 'database', 'default', '{\"uuid\":\"77ded699-4225-4096-bb69-a95d45658df9\",\"displayName\":\"App\\\\Mail\\\\ContactMail\",\"job\":\"Illuminate\\\\Queue\\\\CallQueuedHandler@call\",\"maxTries\":null,\"maxExceptions\":null,\"failOnTimeout\":false,\"backoff\":null,\"timeout\":null,\"retryUntil\":null,\"data\":{\"commandName\":\"Illuminate\\\\Mail\\\\SendQueuedMailable\",\"command\":\"O:34:\\\"Illuminate\\\\Mail\\\\SendQueuedMailable\\\":15:{s:8:\\\"mailable\\\";O:20:\\\"App\\\\Mail\\\\ContactMail\\\":9:{s:4:\\\"name\\\";s:6:\\\"qsdw<x\\\";s:5:\\\"email\\\";s:21:\\\"leo.ripert0@gmail.com\\\";s:5:\\\"phone\\\";s:10:\\\"0615166555\\\";s:14:\\\"messageContent\\\";s:28:\\\"55qsdw<xqsdw<xqsdw<x\\n\\nqsdw<x\\\";s:10:\\\"adminEmail\\\";s:20:\\\"leo.ripert@gmail.com\\\";s:14:\\\"adminPhoneHref\\\";s:10:\\\"0615166490\\\";s:10:\\\"adminPhone\\\";s:18:\\\"06 15 16 64 90\\\";s:2:\\\"to\\\";a:1:{i:0;a:2:{s:4:\\\"name\\\";N;s:7:\\\"address\\\";s:20:\\\"leo.ripert@gmail.com\\\";}}s:6:\\\"mailer\\\";s:4:\\\"smtp\\\";}s:5:\\\"tries\\\";N;s:7:\\\"timeout\\\";N;s:13:\\\"maxExceptions\\\";N;s:17:\\\"shouldBeEncrypted\\\";b:0;s:10:\\\"connection\\\";N;s:5:\\\"queue\\\";N;s:5:\\\"delay\\\";N;s:11:\\\"afterCommit\\\";N;s:10:\\\"middleware\\\";a:0:{}s:7:\\\"chained\\\";a:0:{}s:15:\\\"chainConnection\\\";N;s:10:\\\"chainQueue\\\";N;s:19:\\\"chainCatchCallbacks\\\";N;s:3:\\\"job\\\";N;}\"}}', 'Symfony\\Component\\Mailer\\Exception\\TransportException: Connection could not be established with host \"smtp.gmail.com:587\": stream_socket_client(): Unable to connect to smtp.gmail.com:587 (Connection refused) in /home/leoripy/cabane/vendor/symfony/mailer/Transport/Smtp/Stream/SocketStream.php:154\nStack trace:\n#0 [internal function]: Symfony\\Component\\Mailer\\Transport\\Smtp\\Stream\\SocketStream->Symfony\\Component\\Mailer\\Transport\\Smtp\\Stream\\{closure}(2, \'stream_socket_c...\', \'/home/leoripy/c...\', 157)\n#1 /home/leoripy/cabane/vendor/symfony/mailer/Transport/Smtp/Stream/SocketStream.php(157): stream_socket_client(\'smtp.gmail.com:...\', 0, \'\', 60.0, 4, Resource id #971)\n#2 /home/leoripy/cabane/vendor/symfony/mailer/Transport/Smtp/SmtpTransport.php(270): Symfony\\Component\\Mailer\\Transport\\Smtp\\Stream\\SocketStream->initialize()\n#3 /home/leoripy/cabane/vendor/symfony/mailer/Transport/Smtp/SmtpTransport.php(209): Symfony\\Component\\Mailer\\Transport\\Smtp\\SmtpTransport->start()\n#4 /home/leoripy/cabane/vendor/symfony/mailer/Transport/AbstractTransport.php(69): Symfony\\Component\\Mailer\\Transport\\Smtp\\SmtpTransport->doSend(Object(Symfony\\Component\\Mailer\\SentMessage))\n#5 /home/leoripy/cabane/vendor/symfony/mailer/Transport/Smtp/SmtpTransport.php(137): Symfony\\Component\\Mailer\\Transport\\AbstractTransport->send(Object(Symfony\\Component\\Mime\\Email), Object(Symfony\\Component\\Mailer\\DelayedEnvelope))\n#6 /home/leoripy/cabane/vendor/laravel/framework/src/Illuminate/Mail/Mailer.php(585): Symfony\\Component\\Mailer\\Transport\\Smtp\\SmtpTransport->send(Object(Symfony\\Component\\Mime\\Email), Object(Symfony\\Component\\Mailer\\DelayedEnvelope))\n#7 /home/leoripy/cabane/vendor/laravel/framework/src/Illuminate/Mail/Mailer.php(332): Illuminate\\Mail\\Mailer->sendSymfonyMessage(Object(Symfony\\Component\\Mime\\Email))\n#8 /home/leoripy/cabane/vendor/laravel/framework/src/Illuminate/Mail/Mailable.php(205): Illuminate\\Mail\\Mailer->send(\'emails.contact\', Array, Object(Closure))\n#9 /home/leoripy/cabane/vendor/laravel/framework/src/Illuminate/Support/Traits/Localizable.php(19): Illuminate\\Mail\\Mailable->Illuminate\\Mail\\{closure}()\n#10 /home/leoripy/cabane/vendor/laravel/framework/src/Illuminate/Mail/Mailable.php(198): Illuminate\\Mail\\Mailable->withLocale(NULL, Object(Closure))\n#11 /home/leoripy/cabane/vendor/laravel/framework/src/Illuminate/Mail/SendQueuedMailable.php(83): Illuminate\\Mail\\Mailable->send(Object(Illuminate\\Mail\\MailManager))\n#12 /home/leoripy/cabane/vendor/laravel/framework/src/Illuminate/Container/BoundMethod.php(36): Illuminate\\Mail\\SendQueuedMailable->handle(Object(Illuminate\\Mail\\MailManager))\n#13 /home/leoripy/cabane/vendor/laravel/framework/src/Illuminate/Container/Util.php(43): Illuminate\\Container\\BoundMethod::Illuminate\\Container\\{closure}()\n#14 /home/leoripy/cabane/vendor/laravel/framework/src/Illuminate/Container/BoundMethod.php(95): Illuminate\\Container\\Util::unwrapIfClosure(Object(Closure))\n#15 /home/leoripy/cabane/vendor/laravel/framework/src/Illuminate/Container/BoundMethod.php(35): Illuminate\\Container\\BoundMethod::callBoundMethod(Object(Illuminate\\Foundation\\Application), Array, Object(Closure))\n#16 /home/leoripy/cabane/vendor/laravel/framework/src/Illuminate/Container/Container.php(690): Illuminate\\Container\\BoundMethod::call(Object(Illuminate\\Foundation\\Application), Array, Array, NULL)\n#17 /home/leoripy/cabane/vendor/laravel/framework/src/Illuminate/Bus/Dispatcher.php(128): Illuminate\\Container\\Container->call(Array)\n#18 /home/leoripy/cabane/vendor/laravel/framework/src/Illuminate/Pipeline/Pipeline.php(144): Illuminate\\Bus\\Dispatcher->Illuminate\\Bus\\{closure}(Object(Illuminate\\Mail\\SendQueuedMailable))\n#19 /home/leoripy/cabane/vendor/laravel/framework/src/Illuminate/Pipeline/Pipeline.php(119): Illuminate\\Pipeline\\Pipeline->Illuminate\\Pipeline\\{closure}(Object(Illuminate\\Mail\\SendQueuedMailable))\n#20 /home/leoripy/cabane/vendor/laravel/framework/src/Illuminate/Bus/Dispatcher.php(132): Illuminate\\Pipeline\\Pipeline->then(Object(Closure))\n#21 /home/leoripy/cabane/vendor/laravel/framework/src/Illuminate/Queue/CallQueuedHandler.php(124): Illuminate\\Bus\\Dispatcher->dispatchNow(Object(Illuminate\\Mail\\SendQueuedMailable), false)\n#22 /home/leoripy/cabane/vendor/laravel/framework/src/Illuminate/Pipeline/Pipeline.php(144): Illuminate\\Queue\\CallQueuedHandler->Illuminate\\Queue\\{closure}(Object(Illuminate\\Mail\\SendQueuedMailable))\n#23 /home/leoripy/cabane/vendor/laravel/framework/src/Illuminate/Pipeline/Pipeline.php(119): Illuminate\\Pipeline\\Pipeline->Illuminate\\Pipeline\\{closure}(Object(Illuminate\\Mail\\SendQueuedMailable))\n#24 /home/leoripy/cabane/vendor/laravel/framework/src/Illuminate/Queue/CallQueuedHandler.php(123): Illuminate\\Pipeline\\Pipeline->then(Object(Closure))\n#25 /home/leoripy/cabane/vendor/laravel/framework/src/Illuminate/Queue/CallQueuedHandler.php(71): Illuminate\\Queue\\CallQueuedHandler->dispatchThroughMiddleware(Object(Illuminate\\Queue\\Jobs\\DatabaseJob), Object(Illuminate\\Mail\\SendQueuedMailable))\n#26 /home/leoripy/cabane/vendor/laravel/framework/src/Illuminate/Queue/Jobs/Job.php(102): Illuminate\\Queue\\CallQueuedHandler->call(Object(Illuminate\\Queue\\Jobs\\DatabaseJob), Array)\n#27 /home/leoripy/cabane/vendor/laravel/framework/src/Illuminate/Queue/Worker.php(440): Illuminate\\Queue\\Jobs\\Job->fire()\n#28 /home/leoripy/cabane/vendor/laravel/framework/src/Illuminate/Queue/Worker.php(390): Illuminate\\Queue\\Worker->process(\'database\', Object(Illuminate\\Queue\\Jobs\\DatabaseJob), Object(Illuminate\\Queue\\WorkerOptions))\n#29 /home/leoripy/cabane/vendor/laravel/framework/src/Illuminate/Queue/Worker.php(334): Illuminate\\Queue\\Worker->runJob(Object(Illuminate\\Queue\\Jobs\\DatabaseJob), \'database\', Object(Illuminate\\Queue\\WorkerOptions))\n#30 /home/leoripy/cabane/vendor/laravel/framework/src/Illuminate/Queue/Console/WorkCommand.php(148): Illuminate\\Queue\\Worker->runNextJob(\'database\', \'default\', Object(Illuminate\\Queue\\WorkerOptions))\n#31 /home/leoripy/cabane/vendor/laravel/framework/src/Illuminate/Queue/Console/WorkCommand.php(131): Illuminate\\Queue\\Console\\WorkCommand->runWorker(\'database\', \'default\')\n#32 /home/leoripy/cabane/vendor/laravel/framework/src/Illuminate/Container/BoundMethod.php(36): Illuminate\\Queue\\Console\\WorkCommand->handle()\n#33 /home/leoripy/cabane/vendor/laravel/framework/src/Illuminate/Container/Util.php(43): Illuminate\\Container\\BoundMethod::Illuminate\\Container\\{closure}()\n#34 /home/leoripy/cabane/vendor/laravel/framework/src/Illuminate/Container/BoundMethod.php(95): Illuminate\\Container\\Util::unwrapIfClosure(Object(Closure))\n#35 /home/leoripy/cabane/vendor/laravel/framework/src/Illuminate/Container/BoundMethod.php(35): Illuminate\\Container\\BoundMethod::callBoundMethod(Object(Illuminate\\Foundation\\Application), Array, Object(Closure))\n#36 /home/leoripy/cabane/vendor/laravel/framework/src/Illuminate/Container/Container.php(690): Illuminate\\Container\\BoundMethod::call(Object(Illuminate\\Foundation\\Application), Array, Array, NULL)\n#37 /home/leoripy/cabane/vendor/laravel/framework/src/Illuminate/Console/Command.php(213): Illuminate\\Container\\Container->call(Array)\n#38 /home/leoripy/cabane/vendor/symfony/console/Command/Command.php(279): Illuminate\\Console\\Command->execute(Object(Symfony\\Component\\Console\\Input\\ArgvInput), Object(Illuminate\\Console\\OutputStyle))\n#39 /home/leoripy/cabane/vendor/laravel/framework/src/Illuminate/Console/Command.php(182): Symfony\\Component\\Console\\Command\\Command->run(Object(Symfony\\Component\\Console\\Input\\ArgvInput), Object(Illuminate\\Console\\OutputStyle))\n#40 /home/leoripy/cabane/vendor/symfony/console/Application.php(1047): Illuminate\\Console\\Command->run(Object(Symfony\\Component\\Console\\Input\\ArgvInput), Object(Symfony\\Component\\Console\\Output\\ConsoleOutput))\n#41 /home/leoripy/cabane/vendor/symfony/console/Application.php(316): Symfony\\Component\\Console\\Application->doRunCommand(Object(Illuminate\\Queue\\Console\\WorkCommand), Object(Symfony\\Component\\Console\\Input\\ArgvInput), Object(Symfony\\Component\\Console\\Output\\ConsoleOutput))\n#42 /home/leoripy/cabane/vendor/symfony/console/Application.php(167): Symfony\\Component\\Console\\Application->doRun(Object(Symfony\\Component\\Console\\Input\\ArgvInput), Object(Symfony\\Component\\Console\\Output\\ConsoleOutput))\n#43 /home/leoripy/cabane/vendor/laravel/framework/src/Illuminate/Foundation/Console/Kernel.php(197): Symfony\\Component\\Console\\Application->run(Object(Symfony\\Component\\Console\\Input\\ArgvInput), Object(Symfony\\Component\\Console\\Output\\ConsoleOutput))\n#44 /home/leoripy/cabane/vendor/laravel/framework/src/Illuminate/Foundation/Application.php(1205): Illuminate\\Foundation\\Console\\Kernel->handle(Object(Symfony\\Component\\Console\\Input\\ArgvInput), Object(Symfony\\Component\\Console\\Output\\ConsoleOutput))\n#45 /home/leoripy/cabane/artisan(13): Illuminate\\Foundation\\Application->handleCommand(Object(Symfony\\Component\\Console\\Input\\ArgvInput))\n#46 {main}', '2024-11-25 22:33:08'),
(2, '0213a2c0-68fd-4052-b323-fddcc3c39518', 'database', 'default', '{\"uuid\":\"0213a2c0-68fd-4052-b323-fddcc3c39518\",\"displayName\":\"App\\\\Mail\\\\ContactAutoResponseMail\",\"job\":\"Illuminate\\\\Queue\\\\CallQueuedHandler@call\",\"maxTries\":null,\"maxExceptions\":null,\"failOnTimeout\":false,\"backoff\":null,\"timeout\":null,\"retryUntil\":null,\"data\":{\"commandName\":\"Illuminate\\\\Mail\\\\SendQueuedMailable\",\"command\":\"O:34:\\\"Illuminate\\\\Mail\\\\SendQueuedMailable\\\":15:{s:8:\\\"mailable\\\";O:32:\\\"App\\\\Mail\\\\ContactAutoResponseMail\\\":6:{s:4:\\\"name\\\";s:6:\\\"qsdw<x\\\";s:10:\\\"adminEmail\\\";s:20:\\\"leo.ripert@gmail.com\\\";s:14:\\\"adminPhoneHref\\\";s:10:\\\"0615166490\\\";s:10:\\\"adminPhone\\\";s:18:\\\"06 15 16 64 90\\\";s:2:\\\"to\\\";a:1:{i:0;a:2:{s:4:\\\"name\\\";N;s:7:\\\"address\\\";s:21:\\\"leo.ripert0@gmail.com\\\";}}s:6:\\\"mailer\\\";s:4:\\\"smtp\\\";}s:5:\\\"tries\\\";N;s:7:\\\"timeout\\\";N;s:13:\\\"maxExceptions\\\";N;s:17:\\\"shouldBeEncrypted\\\";b:0;s:10:\\\"connection\\\";N;s:5:\\\"queue\\\";N;s:5:\\\"delay\\\";N;s:11:\\\"afterCommit\\\";N;s:10:\\\"middleware\\\";a:0:{}s:7:\\\"chained\\\";a:0:{}s:15:\\\"chainConnection\\\";N;s:10:\\\"chainQueue\\\";N;s:19:\\\"chainCatchCallbacks\\\";N;s:3:\\\"job\\\";N;}\"}}', 'Symfony\\Component\\Mailer\\Exception\\TransportException: Connection could not be established with host \"smtp.gmail.com:587\": stream_socket_client(): Unable to connect to smtp.gmail.com:587 (Connection refused) in /home/leoripy/cabane/vendor/symfony/mailer/Transport/Smtp/Stream/SocketStream.php:154\nStack trace:\n#0 [internal function]: Symfony\\Component\\Mailer\\Transport\\Smtp\\Stream\\SocketStream->Symfony\\Component\\Mailer\\Transport\\Smtp\\Stream\\{closure}(2, \'stream_socket_c...\', \'/home/leoripy/c...\', 157)\n#1 /home/leoripy/cabane/vendor/symfony/mailer/Transport/Smtp/Stream/SocketStream.php(157): stream_socket_client(\'smtp.gmail.com:...\', 0, \'\', 60.0, 4, Resource id #969)\n#2 /home/leoripy/cabane/vendor/symfony/mailer/Transport/Smtp/SmtpTransport.php(270): Symfony\\Component\\Mailer\\Transport\\Smtp\\Stream\\SocketStream->initialize()\n#3 /home/leoripy/cabane/vendor/symfony/mailer/Transport/Smtp/SmtpTransport.php(209): Symfony\\Component\\Mailer\\Transport\\Smtp\\SmtpTransport->start()\n#4 /home/leoripy/cabane/vendor/symfony/mailer/Transport/AbstractTransport.php(69): Symfony\\Component\\Mailer\\Transport\\Smtp\\SmtpTransport->doSend(Object(Symfony\\Component\\Mailer\\SentMessage))\n#5 /home/leoripy/cabane/vendor/symfony/mailer/Transport/Smtp/SmtpTransport.php(137): Symfony\\Component\\Mailer\\Transport\\AbstractTransport->send(Object(Symfony\\Component\\Mime\\Email), Object(Symfony\\Component\\Mailer\\DelayedEnvelope))\n#6 /home/leoripy/cabane/vendor/laravel/framework/src/Illuminate/Mail/Mailer.php(585): Symfony\\Component\\Mailer\\Transport\\Smtp\\SmtpTransport->send(Object(Symfony\\Component\\Mime\\Email), Object(Symfony\\Component\\Mailer\\DelayedEnvelope))\n#7 /home/leoripy/cabane/vendor/laravel/framework/src/Illuminate/Mail/Mailer.php(332): Illuminate\\Mail\\Mailer->sendSymfonyMessage(Object(Symfony\\Component\\Mime\\Email))\n#8 /home/leoripy/cabane/vendor/laravel/framework/src/Illuminate/Mail/Mailable.php(205): Illuminate\\Mail\\Mailer->send(\'emails.contactA...\', Array, Object(Closure))\n#9 /home/leoripy/cabane/vendor/laravel/framework/src/Illuminate/Support/Traits/Localizable.php(19): Illuminate\\Mail\\Mailable->Illuminate\\Mail\\{closure}()\n#10 /home/leoripy/cabane/vendor/laravel/framework/src/Illuminate/Mail/Mailable.php(198): Illuminate\\Mail\\Mailable->withLocale(NULL, Object(Closure))\n#11 /home/leoripy/cabane/vendor/laravel/framework/src/Illuminate/Mail/SendQueuedMailable.php(83): Illuminate\\Mail\\Mailable->send(Object(Illuminate\\Mail\\MailManager))\n#12 /home/leoripy/cabane/vendor/laravel/framework/src/Illuminate/Container/BoundMethod.php(36): Illuminate\\Mail\\SendQueuedMailable->handle(Object(Illuminate\\Mail\\MailManager))\n#13 /home/leoripy/cabane/vendor/laravel/framework/src/Illuminate/Container/Util.php(43): Illuminate\\Container\\BoundMethod::Illuminate\\Container\\{closure}()\n#14 /home/leoripy/cabane/vendor/laravel/framework/src/Illuminate/Container/BoundMethod.php(95): Illuminate\\Container\\Util::unwrapIfClosure(Object(Closure))\n#15 /home/leoripy/cabane/vendor/laravel/framework/src/Illuminate/Container/BoundMethod.php(35): Illuminate\\Container\\BoundMethod::callBoundMethod(Object(Illuminate\\Foundation\\Application), Array, Object(Closure))\n#16 /home/leoripy/cabane/vendor/laravel/framework/src/Illuminate/Container/Container.php(690): Illuminate\\Container\\BoundMethod::call(Object(Illuminate\\Foundation\\Application), Array, Array, NULL)\n#17 /home/leoripy/cabane/vendor/laravel/framework/src/Illuminate/Bus/Dispatcher.php(128): Illuminate\\Container\\Container->call(Array)\n#18 /home/leoripy/cabane/vendor/laravel/framework/src/Illuminate/Pipeline/Pipeline.php(144): Illuminate\\Bus\\Dispatcher->Illuminate\\Bus\\{closure}(Object(Illuminate\\Mail\\SendQueuedMailable))\n#19 /home/leoripy/cabane/vendor/laravel/framework/src/Illuminate/Pipeline/Pipeline.php(119): Illuminate\\Pipeline\\Pipeline->Illuminate\\Pipeline\\{closure}(Object(Illuminate\\Mail\\SendQueuedMailable))\n#20 /home/leoripy/cabane/vendor/laravel/framework/src/Illuminate/Bus/Dispatcher.php(132): Illuminate\\Pipeline\\Pipeline->then(Object(Closure))\n#21 /home/leoripy/cabane/vendor/laravel/framework/src/Illuminate/Queue/CallQueuedHandler.php(124): Illuminate\\Bus\\Dispatcher->dispatchNow(Object(Illuminate\\Mail\\SendQueuedMailable), false)\n#22 /home/leoripy/cabane/vendor/laravel/framework/src/Illuminate/Pipeline/Pipeline.php(144): Illuminate\\Queue\\CallQueuedHandler->Illuminate\\Queue\\{closure}(Object(Illuminate\\Mail\\SendQueuedMailable))\n#23 /home/leoripy/cabane/vendor/laravel/framework/src/Illuminate/Pipeline/Pipeline.php(119): Illuminate\\Pipeline\\Pipeline->Illuminate\\Pipeline\\{closure}(Object(Illuminate\\Mail\\SendQueuedMailable))\n#24 /home/leoripy/cabane/vendor/laravel/framework/src/Illuminate/Queue/CallQueuedHandler.php(123): Illuminate\\Pipeline\\Pipeline->then(Object(Closure))\n#25 /home/leoripy/cabane/vendor/laravel/framework/src/Illuminate/Queue/CallQueuedHandler.php(71): Illuminate\\Queue\\CallQueuedHandler->dispatchThroughMiddleware(Object(Illuminate\\Queue\\Jobs\\DatabaseJob), Object(Illuminate\\Mail\\SendQueuedMailable))\n#26 /home/leoripy/cabane/vendor/laravel/framework/src/Illuminate/Queue/Jobs/Job.php(102): Illuminate\\Queue\\CallQueuedHandler->call(Object(Illuminate\\Queue\\Jobs\\DatabaseJob), Array)\n#27 /home/leoripy/cabane/vendor/laravel/framework/src/Illuminate/Queue/Worker.php(440): Illuminate\\Queue\\Jobs\\Job->fire()\n#28 /home/leoripy/cabane/vendor/laravel/framework/src/Illuminate/Queue/Worker.php(390): Illuminate\\Queue\\Worker->process(\'database\', Object(Illuminate\\Queue\\Jobs\\DatabaseJob), Object(Illuminate\\Queue\\WorkerOptions))\n#29 /home/leoripy/cabane/vendor/laravel/framework/src/Illuminate/Queue/Worker.php(334): Illuminate\\Queue\\Worker->runJob(Object(Illuminate\\Queue\\Jobs\\DatabaseJob), \'database\', Object(Illuminate\\Queue\\WorkerOptions))\n#30 /home/leoripy/cabane/vendor/laravel/framework/src/Illuminate/Queue/Console/WorkCommand.php(148): Illuminate\\Queue\\Worker->runNextJob(\'database\', \'default\', Object(Illuminate\\Queue\\WorkerOptions))\n#31 /home/leoripy/cabane/vendor/laravel/framework/src/Illuminate/Queue/Console/WorkCommand.php(131): Illuminate\\Queue\\Console\\WorkCommand->runWorker(\'database\', \'default\')\n#32 /home/leoripy/cabane/vendor/laravel/framework/src/Illuminate/Container/BoundMethod.php(36): Illuminate\\Queue\\Console\\WorkCommand->handle()\n#33 /home/leoripy/cabane/vendor/laravel/framework/src/Illuminate/Container/Util.php(43): Illuminate\\Container\\BoundMethod::Illuminate\\Container\\{closure}()\n#34 /home/leoripy/cabane/vendor/laravel/framework/src/Illuminate/Container/BoundMethod.php(95): Illuminate\\Container\\Util::unwrapIfClosure(Object(Closure))\n#35 /home/leoripy/cabane/vendor/laravel/framework/src/Illuminate/Container/BoundMethod.php(35): Illuminate\\Container\\BoundMethod::callBoundMethod(Object(Illuminate\\Foundation\\Application), Array, Object(Closure))\n#36 /home/leoripy/cabane/vendor/laravel/framework/src/Illuminate/Container/Container.php(690): Illuminate\\Container\\BoundMethod::call(Object(Illuminate\\Foundation\\Application), Array, Array, NULL)\n#37 /home/leoripy/cabane/vendor/laravel/framework/src/Illuminate/Console/Command.php(213): Illuminate\\Container\\Container->call(Array)\n#38 /home/leoripy/cabane/vendor/symfony/console/Command/Command.php(279): Illuminate\\Console\\Command->execute(Object(Symfony\\Component\\Console\\Input\\ArgvInput), Object(Illuminate\\Console\\OutputStyle))\n#39 /home/leoripy/cabane/vendor/laravel/framework/src/Illuminate/Console/Command.php(182): Symfony\\Component\\Console\\Command\\Command->run(Object(Symfony\\Component\\Console\\Input\\ArgvInput), Object(Illuminate\\Console\\OutputStyle))\n#40 /home/leoripy/cabane/vendor/symfony/console/Application.php(1047): Illuminate\\Console\\Command->run(Object(Symfony\\Component\\Console\\Input\\ArgvInput), Object(Symfony\\Component\\Console\\Output\\ConsoleOutput))\n#41 /home/leoripy/cabane/vendor/symfony/console/Application.php(316): Symfony\\Component\\Console\\Application->doRunCommand(Object(Illuminate\\Queue\\Console\\WorkCommand), Object(Symfony\\Component\\Console\\Input\\ArgvInput), Object(Symfony\\Component\\Console\\Output\\ConsoleOutput))\n#42 /home/leoripy/cabane/vendor/symfony/console/Application.php(167): Symfony\\Component\\Console\\Application->doRun(Object(Symfony\\Component\\Console\\Input\\ArgvInput), Object(Symfony\\Component\\Console\\Output\\ConsoleOutput))\n#43 /home/leoripy/cabane/vendor/laravel/framework/src/Illuminate/Foundation/Console/Kernel.php(197): Symfony\\Component\\Console\\Application->run(Object(Symfony\\Component\\Console\\Input\\ArgvInput), Object(Symfony\\Component\\Console\\Output\\ConsoleOutput))\n#44 /home/leoripy/cabane/vendor/laravel/framework/src/Illuminate/Foundation/Application.php(1205): Illuminate\\Foundation\\Console\\Kernel->handle(Object(Symfony\\Component\\Console\\Input\\ArgvInput), Object(Symfony\\Component\\Console\\Output\\ConsoleOutput))\n#45 /home/leoripy/cabane/artisan(13): Illuminate\\Foundation\\Application->handleCommand(Object(Symfony\\Component\\Console\\Input\\ArgvInput))\n#46 {main}', '2024-11-25 22:33:08'),
(3, '48f8828b-5b4d-44e5-a63d-dd58675ff0b1', 'database', 'default', '{\"uuid\":\"48f8828b-5b4d-44e5-a63d-dd58675ff0b1\",\"displayName\":\"App\\\\Mail\\\\ContactMail\",\"job\":\"Illuminate\\\\Queue\\\\CallQueuedHandler@call\",\"maxTries\":null,\"maxExceptions\":null,\"failOnTimeout\":false,\"backoff\":null,\"timeout\":null,\"retryUntil\":null,\"data\":{\"commandName\":\"Illuminate\\\\Mail\\\\SendQueuedMailable\",\"command\":\"O:34:\\\"Illuminate\\\\Mail\\\\SendQueuedMailable\\\":15:{s:8:\\\"mailable\\\";O:20:\\\"App\\\\Mail\\\\ContactMail\\\":9:{s:4:\\\"name\\\";s:14:\\\"RIPERT Léoqsd\\\";s:5:\\\"email\\\";s:21:\\\"leo.ripert0@gmail.com\\\";s:5:\\\"phone\\\";s:10:\\\"0615166490\\\";s:14:\\\"messageContent\\\";s:66:\\\"qsdleo.ripert0@gmail.coleo.ripert0@gmail.coleo.ripert0@gmail.coqsd\\\";s:10:\\\"adminEmail\\\";s:20:\\\"leo.ripert@gmail.com\\\";s:14:\\\"adminPhoneHref\\\";s:10:\\\"0615166490\\\";s:10:\\\"adminPhone\\\";s:18:\\\"06 15 16 64 90\\\";s:2:\\\"to\\\";a:1:{i:0;a:2:{s:4:\\\"name\\\";N;s:7:\\\"address\\\";s:20:\\\"leo.ripert@gmail.com\\\";}}s:6:\\\"mailer\\\";s:4:\\\"smtp\\\";}s:5:\\\"tries\\\";N;s:7:\\\"timeout\\\";N;s:13:\\\"maxExceptions\\\";N;s:17:\\\"shouldBeEncrypted\\\";b:0;s:10:\\\"connection\\\";N;s:5:\\\"queue\\\";N;s:5:\\\"delay\\\";N;s:11:\\\"afterCommit\\\";N;s:10:\\\"middleware\\\";a:0:{}s:7:\\\"chained\\\";a:0:{}s:15:\\\"chainConnection\\\";N;s:10:\\\"chainQueue\\\";N;s:19:\\\"chainCatchCallbacks\\\";N;s:3:\\\"job\\\";N;}\"}}', 'Symfony\\Component\\Mailer\\Exception\\TransportException: Connection could not be established with host \"smtp.gmail.com:587\": stream_socket_client(): Unable to connect to smtp.gmail.com:587 (Connection refused) in /home/leoripy/cabane/vendor/symfony/mailer/Transport/Smtp/Stream/SocketStream.php:154\nStack trace:\n#0 [internal function]: Symfony\\Component\\Mailer\\Transport\\Smtp\\Stream\\SocketStream->Symfony\\Component\\Mailer\\Transport\\Smtp\\Stream\\{closure}(2, \'stream_socket_c...\', \'/home/leoripy/c...\', 157)\n#1 /home/leoripy/cabane/vendor/symfony/mailer/Transport/Smtp/Stream/SocketStream.php(157): stream_socket_client(\'smtp.gmail.com:...\', 0, \'\', 60.0, 4, Resource id #966)\n#2 /home/leoripy/cabane/vendor/symfony/mailer/Transport/Smtp/SmtpTransport.php(270): Symfony\\Component\\Mailer\\Transport\\Smtp\\Stream\\SocketStream->initialize()\n#3 /home/leoripy/cabane/vendor/symfony/mailer/Transport/Smtp/SmtpTransport.php(209): Symfony\\Component\\Mailer\\Transport\\Smtp\\SmtpTransport->start()\n#4 /home/leoripy/cabane/vendor/symfony/mailer/Transport/AbstractTransport.php(69): Symfony\\Component\\Mailer\\Transport\\Smtp\\SmtpTransport->doSend(Object(Symfony\\Component\\Mailer\\SentMessage))\n#5 /home/leoripy/cabane/vendor/symfony/mailer/Transport/Smtp/SmtpTransport.php(137): Symfony\\Component\\Mailer\\Transport\\AbstractTransport->send(Object(Symfony\\Component\\Mime\\Email), Object(Symfony\\Component\\Mailer\\DelayedEnvelope))\n#6 /home/leoripy/cabane/vendor/laravel/framework/src/Illuminate/Mail/Mailer.php(585): Symfony\\Component\\Mailer\\Transport\\Smtp\\SmtpTransport->send(Object(Symfony\\Component\\Mime\\Email), Object(Symfony\\Component\\Mailer\\DelayedEnvelope))\n#7 /home/leoripy/cabane/vendor/laravel/framework/src/Illuminate/Mail/Mailer.php(332): Illuminate\\Mail\\Mailer->sendSymfonyMessage(Object(Symfony\\Component\\Mime\\Email))\n#8 /home/leoripy/cabane/vendor/laravel/framework/src/Illuminate/Mail/Mailable.php(205): Illuminate\\Mail\\Mailer->send(\'emails.contact\', Array, Object(Closure))\n#9 /home/leoripy/cabane/vendor/laravel/framework/src/Illuminate/Support/Traits/Localizable.php(19): Illuminate\\Mail\\Mailable->Illuminate\\Mail\\{closure}()\n#10 /home/leoripy/cabane/vendor/laravel/framework/src/Illuminate/Mail/Mailable.php(198): Illuminate\\Mail\\Mailable->withLocale(NULL, Object(Closure))\n#11 /home/leoripy/cabane/vendor/laravel/framework/src/Illuminate/Mail/SendQueuedMailable.php(83): Illuminate\\Mail\\Mailable->send(Object(Illuminate\\Mail\\MailManager))\n#12 /home/leoripy/cabane/vendor/laravel/framework/src/Illuminate/Container/BoundMethod.php(36): Illuminate\\Mail\\SendQueuedMailable->handle(Object(Illuminate\\Mail\\MailManager))\n#13 /home/leoripy/cabane/vendor/laravel/framework/src/Illuminate/Container/Util.php(43): Illuminate\\Container\\BoundMethod::Illuminate\\Container\\{closure}()\n#14 /home/leoripy/cabane/vendor/laravel/framework/src/Illuminate/Container/BoundMethod.php(95): Illuminate\\Container\\Util::unwrapIfClosure(Object(Closure))\n#15 /home/leoripy/cabane/vendor/laravel/framework/src/Illuminate/Container/BoundMethod.php(35): Illuminate\\Container\\BoundMethod::callBoundMethod(Object(Illuminate\\Foundation\\Application), Array, Object(Closure))\n#16 /home/leoripy/cabane/vendor/laravel/framework/src/Illuminate/Container/Container.php(690): Illuminate\\Container\\BoundMethod::call(Object(Illuminate\\Foundation\\Application), Array, Array, NULL)\n#17 /home/leoripy/cabane/vendor/laravel/framework/src/Illuminate/Bus/Dispatcher.php(128): Illuminate\\Container\\Container->call(Array)\n#18 /home/leoripy/cabane/vendor/laravel/framework/src/Illuminate/Pipeline/Pipeline.php(144): Illuminate\\Bus\\Dispatcher->Illuminate\\Bus\\{closure}(Object(Illuminate\\Mail\\SendQueuedMailable))\n#19 /home/leoripy/cabane/vendor/laravel/framework/src/Illuminate/Pipeline/Pipeline.php(119): Illuminate\\Pipeline\\Pipeline->Illuminate\\Pipeline\\{closure}(Object(Illuminate\\Mail\\SendQueuedMailable))\n#20 /home/leoripy/cabane/vendor/laravel/framework/src/Illuminate/Bus/Dispatcher.php(132): Illuminate\\Pipeline\\Pipeline->then(Object(Closure))\n#21 /home/leoripy/cabane/vendor/laravel/framework/src/Illuminate/Queue/CallQueuedHandler.php(124): Illuminate\\Bus\\Dispatcher->dispatchNow(Object(Illuminate\\Mail\\SendQueuedMailable), false)\n#22 /home/leoripy/cabane/vendor/laravel/framework/src/Illuminate/Pipeline/Pipeline.php(144): Illuminate\\Queue\\CallQueuedHandler->Illuminate\\Queue\\{closure}(Object(Illuminate\\Mail\\SendQueuedMailable))\n#23 /home/leoripy/cabane/vendor/laravel/framework/src/Illuminate/Pipeline/Pipeline.php(119): Illuminate\\Pipeline\\Pipeline->Illuminate\\Pipeline\\{closure}(Object(Illuminate\\Mail\\SendQueuedMailable))\n#24 /home/leoripy/cabane/vendor/laravel/framework/src/Illuminate/Queue/CallQueuedHandler.php(123): Illuminate\\Pipeline\\Pipeline->then(Object(Closure))\n#25 /home/leoripy/cabane/vendor/laravel/framework/src/Illuminate/Queue/CallQueuedHandler.php(71): Illuminate\\Queue\\CallQueuedHandler->dispatchThroughMiddleware(Object(Illuminate\\Queue\\Jobs\\DatabaseJob), Object(Illuminate\\Mail\\SendQueuedMailable))\n#26 /home/leoripy/cabane/vendor/laravel/framework/src/Illuminate/Queue/Jobs/Job.php(102): Illuminate\\Queue\\CallQueuedHandler->call(Object(Illuminate\\Queue\\Jobs\\DatabaseJob), Array)\n#27 /home/leoripy/cabane/vendor/laravel/framework/src/Illuminate/Queue/Worker.php(440): Illuminate\\Queue\\Jobs\\Job->fire()\n#28 /home/leoripy/cabane/vendor/laravel/framework/src/Illuminate/Queue/Worker.php(390): Illuminate\\Queue\\Worker->process(\'database\', Object(Illuminate\\Queue\\Jobs\\DatabaseJob), Object(Illuminate\\Queue\\WorkerOptions))\n#29 /home/leoripy/cabane/vendor/laravel/framework/src/Illuminate/Queue/Worker.php(334): Illuminate\\Queue\\Worker->runJob(Object(Illuminate\\Queue\\Jobs\\DatabaseJob), \'database\', Object(Illuminate\\Queue\\WorkerOptions))\n#30 /home/leoripy/cabane/vendor/laravel/framework/src/Illuminate/Queue/Console/WorkCommand.php(148): Illuminate\\Queue\\Worker->runNextJob(\'database\', \'default\', Object(Illuminate\\Queue\\WorkerOptions))\n#31 /home/leoripy/cabane/vendor/laravel/framework/src/Illuminate/Queue/Console/WorkCommand.php(131): Illuminate\\Queue\\Console\\WorkCommand->runWorker(\'database\', \'default\')\n#32 /home/leoripy/cabane/vendor/laravel/framework/src/Illuminate/Container/BoundMethod.php(36): Illuminate\\Queue\\Console\\WorkCommand->handle()\n#33 /home/leoripy/cabane/vendor/laravel/framework/src/Illuminate/Container/Util.php(43): Illuminate\\Container\\BoundMethod::Illuminate\\Container\\{closure}()\n#34 /home/leoripy/cabane/vendor/laravel/framework/src/Illuminate/Container/BoundMethod.php(95): Illuminate\\Container\\Util::unwrapIfClosure(Object(Closure))\n#35 /home/leoripy/cabane/vendor/laravel/framework/src/Illuminate/Container/BoundMethod.php(35): Illuminate\\Container\\BoundMethod::callBoundMethod(Object(Illuminate\\Foundation\\Application), Array, Object(Closure))\n#36 /home/leoripy/cabane/vendor/laravel/framework/src/Illuminate/Container/Container.php(690): Illuminate\\Container\\BoundMethod::call(Object(Illuminate\\Foundation\\Application), Array, Array, NULL)\n#37 /home/leoripy/cabane/vendor/laravel/framework/src/Illuminate/Console/Command.php(213): Illuminate\\Container\\Container->call(Array)\n#38 /home/leoripy/cabane/vendor/symfony/console/Command/Command.php(279): Illuminate\\Console\\Command->execute(Object(Symfony\\Component\\Console\\Input\\ArgvInput), Object(Illuminate\\Console\\OutputStyle))\n#39 /home/leoripy/cabane/vendor/laravel/framework/src/Illuminate/Console/Command.php(182): Symfony\\Component\\Console\\Command\\Command->run(Object(Symfony\\Component\\Console\\Input\\ArgvInput), Object(Illuminate\\Console\\OutputStyle))\n#40 /home/leoripy/cabane/vendor/symfony/console/Application.php(1047): Illuminate\\Console\\Command->run(Object(Symfony\\Component\\Console\\Input\\ArgvInput), Object(Symfony\\Component\\Console\\Output\\ConsoleOutput))\n#41 /home/leoripy/cabane/vendor/symfony/console/Application.php(316): Symfony\\Component\\Console\\Application->doRunCommand(Object(Illuminate\\Queue\\Console\\WorkCommand), Object(Symfony\\Component\\Console\\Input\\ArgvInput), Object(Symfony\\Component\\Console\\Output\\ConsoleOutput))\n#42 /home/leoripy/cabane/vendor/symfony/console/Application.php(167): Symfony\\Component\\Console\\Application->doRun(Object(Symfony\\Component\\Console\\Input\\ArgvInput), Object(Symfony\\Component\\Console\\Output\\ConsoleOutput))\n#43 /home/leoripy/cabane/vendor/laravel/framework/src/Illuminate/Foundation/Console/Kernel.php(197): Symfony\\Component\\Console\\Application->run(Object(Symfony\\Component\\Console\\Input\\ArgvInput), Object(Symfony\\Component\\Console\\Output\\ConsoleOutput))\n#44 /home/leoripy/cabane/vendor/laravel/framework/src/Illuminate/Foundation/Application.php(1205): Illuminate\\Foundation\\Console\\Kernel->handle(Object(Symfony\\Component\\Console\\Input\\ArgvInput), Object(Symfony\\Component\\Console\\Output\\ConsoleOutput))\n#45 /home/leoripy/cabane/artisan(13): Illuminate\\Foundation\\Application->handleCommand(Object(Symfony\\Component\\Console\\Input\\ArgvInput))\n#46 {main}', '2024-11-25 22:33:09'),
(4, 'f78dc652-2f9a-4b3f-be85-d274492d6676', 'database', 'default', '{\"uuid\":\"f78dc652-2f9a-4b3f-be85-d274492d6676\",\"displayName\":\"App\\\\Mail\\\\ContactAutoResponseMail\",\"job\":\"Illuminate\\\\Queue\\\\CallQueuedHandler@call\",\"maxTries\":null,\"maxExceptions\":null,\"failOnTimeout\":false,\"backoff\":null,\"timeout\":null,\"retryUntil\":null,\"data\":{\"commandName\":\"Illuminate\\\\Mail\\\\SendQueuedMailable\",\"command\":\"O:34:\\\"Illuminate\\\\Mail\\\\SendQueuedMailable\\\":15:{s:8:\\\"mailable\\\";O:32:\\\"App\\\\Mail\\\\ContactAutoResponseMail\\\":6:{s:4:\\\"name\\\";s:14:\\\"RIPERT Léoqsd\\\";s:10:\\\"adminEmail\\\";s:20:\\\"leo.ripert@gmail.com\\\";s:14:\\\"adminPhoneHref\\\";s:10:\\\"0615166490\\\";s:10:\\\"adminPhone\\\";s:18:\\\"06 15 16 64 90\\\";s:2:\\\"to\\\";a:1:{i:0;a:2:{s:4:\\\"name\\\";N;s:7:\\\"address\\\";s:21:\\\"leo.ripert0@gmail.com\\\";}}s:6:\\\"mailer\\\";s:4:\\\"smtp\\\";}s:5:\\\"tries\\\";N;s:7:\\\"timeout\\\";N;s:13:\\\"maxExceptions\\\";N;s:17:\\\"shouldBeEncrypted\\\";b:0;s:10:\\\"connection\\\";N;s:5:\\\"queue\\\";N;s:5:\\\"delay\\\";N;s:11:\\\"afterCommit\\\";N;s:10:\\\"middleware\\\";a:0:{}s:7:\\\"chained\\\";a:0:{}s:15:\\\"chainConnection\\\";N;s:10:\\\"chainQueue\\\";N;s:19:\\\"chainCatchCallbacks\\\";N;s:3:\\\"job\\\";N;}\"}}', 'Symfony\\Component\\Mailer\\Exception\\TransportException: Connection could not be established with host \"smtp.gmail.com:587\": stream_socket_client(): Unable to connect to smtp.gmail.com:587 (Connection refused) in /home/leoripy/cabane/vendor/symfony/mailer/Transport/Smtp/Stream/SocketStream.php:154\nStack trace:\n#0 [internal function]: Symfony\\Component\\Mailer\\Transport\\Smtp\\Stream\\SocketStream->Symfony\\Component\\Mailer\\Transport\\Smtp\\Stream\\{closure}(2, \'stream_socket_c...\', \'/home/leoripy/c...\', 157)\n#1 /home/leoripy/cabane/vendor/symfony/mailer/Transport/Smtp/Stream/SocketStream.php(157): stream_socket_client(\'smtp.gmail.com:...\', 0, \'\', 60.0, 4, Resource id #966)\n#2 /home/leoripy/cabane/vendor/symfony/mailer/Transport/Smtp/SmtpTransport.php(270): Symfony\\Component\\Mailer\\Transport\\Smtp\\Stream\\SocketStream->initialize()\n#3 /home/leoripy/cabane/vendor/symfony/mailer/Transport/Smtp/SmtpTransport.php(209): Symfony\\Component\\Mailer\\Transport\\Smtp\\SmtpTransport->start()\n#4 /home/leoripy/cabane/vendor/symfony/mailer/Transport/AbstractTransport.php(69): Symfony\\Component\\Mailer\\Transport\\Smtp\\SmtpTransport->doSend(Object(Symfony\\Component\\Mailer\\SentMessage))\n#5 /home/leoripy/cabane/vendor/symfony/mailer/Transport/Smtp/SmtpTransport.php(137): Symfony\\Component\\Mailer\\Transport\\AbstractTransport->send(Object(Symfony\\Component\\Mime\\Email), Object(Symfony\\Component\\Mailer\\DelayedEnvelope))\n#6 /home/leoripy/cabane/vendor/laravel/framework/src/Illuminate/Mail/Mailer.php(585): Symfony\\Component\\Mailer\\Transport\\Smtp\\SmtpTransport->send(Object(Symfony\\Component\\Mime\\Email), Object(Symfony\\Component\\Mailer\\DelayedEnvelope))\n#7 /home/leoripy/cabane/vendor/laravel/framework/src/Illuminate/Mail/Mailer.php(332): Illuminate\\Mail\\Mailer->sendSymfonyMessage(Object(Symfony\\Component\\Mime\\Email))\n#8 /home/leoripy/cabane/vendor/laravel/framework/src/Illuminate/Mail/Mailable.php(205): Illuminate\\Mail\\Mailer->send(\'emails.contactA...\', Array, Object(Closure))\n#9 /home/leoripy/cabane/vendor/laravel/framework/src/Illuminate/Support/Traits/Localizable.php(19): Illuminate\\Mail\\Mailable->Illuminate\\Mail\\{closure}()\n#10 /home/leoripy/cabane/vendor/laravel/framework/src/Illuminate/Mail/Mailable.php(198): Illuminate\\Mail\\Mailable->withLocale(NULL, Object(Closure))\n#11 /home/leoripy/cabane/vendor/laravel/framework/src/Illuminate/Mail/SendQueuedMailable.php(83): Illuminate\\Mail\\Mailable->send(Object(Illuminate\\Mail\\MailManager))\n#12 /home/leoripy/cabane/vendor/laravel/framework/src/Illuminate/Container/BoundMethod.php(36): Illuminate\\Mail\\SendQueuedMailable->handle(Object(Illuminate\\Mail\\MailManager))\n#13 /home/leoripy/cabane/vendor/laravel/framework/src/Illuminate/Container/Util.php(43): Illuminate\\Container\\BoundMethod::Illuminate\\Container\\{closure}()\n#14 /home/leoripy/cabane/vendor/laravel/framework/src/Illuminate/Container/BoundMethod.php(95): Illuminate\\Container\\Util::unwrapIfClosure(Object(Closure))\n#15 /home/leoripy/cabane/vendor/laravel/framework/src/Illuminate/Container/BoundMethod.php(35): Illuminate\\Container\\BoundMethod::callBoundMethod(Object(Illuminate\\Foundation\\Application), Array, Object(Closure))\n#16 /home/leoripy/cabane/vendor/laravel/framework/src/Illuminate/Container/Container.php(690): Illuminate\\Container\\BoundMethod::call(Object(Illuminate\\Foundation\\Application), Array, Array, NULL)\n#17 /home/leoripy/cabane/vendor/laravel/framework/src/Illuminate/Bus/Dispatcher.php(128): Illuminate\\Container\\Container->call(Array)\n#18 /home/leoripy/cabane/vendor/laravel/framework/src/Illuminate/Pipeline/Pipeline.php(144): Illuminate\\Bus\\Dispatcher->Illuminate\\Bus\\{closure}(Object(Illuminate\\Mail\\SendQueuedMailable))\n#19 /home/leoripy/cabane/vendor/laravel/framework/src/Illuminate/Pipeline/Pipeline.php(119): Illuminate\\Pipeline\\Pipeline->Illuminate\\Pipeline\\{closure}(Object(Illuminate\\Mail\\SendQueuedMailable))\n#20 /home/leoripy/cabane/vendor/laravel/framework/src/Illuminate/Bus/Dispatcher.php(132): Illuminate\\Pipeline\\Pipeline->then(Object(Closure))\n#21 /home/leoripy/cabane/vendor/laravel/framework/src/Illuminate/Queue/CallQueuedHandler.php(124): Illuminate\\Bus\\Dispatcher->dispatchNow(Object(Illuminate\\Mail\\SendQueuedMailable), false)\n#22 /home/leoripy/cabane/vendor/laravel/framework/src/Illuminate/Pipeline/Pipeline.php(144): Illuminate\\Queue\\CallQueuedHandler->Illuminate\\Queue\\{closure}(Object(Illuminate\\Mail\\SendQueuedMailable))\n#23 /home/leoripy/cabane/vendor/laravel/framework/src/Illuminate/Pipeline/Pipeline.php(119): Illuminate\\Pipeline\\Pipeline->Illuminate\\Pipeline\\{closure}(Object(Illuminate\\Mail\\SendQueuedMailable))\n#24 /home/leoripy/cabane/vendor/laravel/framework/src/Illuminate/Queue/CallQueuedHandler.php(123): Illuminate\\Pipeline\\Pipeline->then(Object(Closure))\n#25 /home/leoripy/cabane/vendor/laravel/framework/src/Illuminate/Queue/CallQueuedHandler.php(71): Illuminate\\Queue\\CallQueuedHandler->dispatchThroughMiddleware(Object(Illuminate\\Queue\\Jobs\\DatabaseJob), Object(Illuminate\\Mail\\SendQueuedMailable))\n#26 /home/leoripy/cabane/vendor/laravel/framework/src/Illuminate/Queue/Jobs/Job.php(102): Illuminate\\Queue\\CallQueuedHandler->call(Object(Illuminate\\Queue\\Jobs\\DatabaseJob), Array)\n#27 /home/leoripy/cabane/vendor/laravel/framework/src/Illuminate/Queue/Worker.php(440): Illuminate\\Queue\\Jobs\\Job->fire()\n#28 /home/leoripy/cabane/vendor/laravel/framework/src/Illuminate/Queue/Worker.php(390): Illuminate\\Queue\\Worker->process(\'database\', Object(Illuminate\\Queue\\Jobs\\DatabaseJob), Object(Illuminate\\Queue\\WorkerOptions))\n#29 /home/leoripy/cabane/vendor/laravel/framework/src/Illuminate/Queue/Worker.php(334): Illuminate\\Queue\\Worker->runJob(Object(Illuminate\\Queue\\Jobs\\DatabaseJob), \'database\', Object(Illuminate\\Queue\\WorkerOptions))\n#30 /home/leoripy/cabane/vendor/laravel/framework/src/Illuminate/Queue/Console/WorkCommand.php(148): Illuminate\\Queue\\Worker->runNextJob(\'database\', \'default\', Object(Illuminate\\Queue\\WorkerOptions))\n#31 /home/leoripy/cabane/vendor/laravel/framework/src/Illuminate/Queue/Console/WorkCommand.php(131): Illuminate\\Queue\\Console\\WorkCommand->runWorker(\'database\', \'default\')\n#32 /home/leoripy/cabane/vendor/laravel/framework/src/Illuminate/Container/BoundMethod.php(36): Illuminate\\Queue\\Console\\WorkCommand->handle()\n#33 /home/leoripy/cabane/vendor/laravel/framework/src/Illuminate/Container/Util.php(43): Illuminate\\Container\\BoundMethod::Illuminate\\Container\\{closure}()\n#34 /home/leoripy/cabane/vendor/laravel/framework/src/Illuminate/Container/BoundMethod.php(95): Illuminate\\Container\\Util::unwrapIfClosure(Object(Closure))\n#35 /home/leoripy/cabane/vendor/laravel/framework/src/Illuminate/Container/BoundMethod.php(35): Illuminate\\Container\\BoundMethod::callBoundMethod(Object(Illuminate\\Foundation\\Application), Array, Object(Closure))\n#36 /home/leoripy/cabane/vendor/laravel/framework/src/Illuminate/Container/Container.php(690): Illuminate\\Container\\BoundMethod::call(Object(Illuminate\\Foundation\\Application), Array, Array, NULL)\n#37 /home/leoripy/cabane/vendor/laravel/framework/src/Illuminate/Console/Command.php(213): Illuminate\\Container\\Container->call(Array)\n#38 /home/leoripy/cabane/vendor/symfony/console/Command/Command.php(279): Illuminate\\Console\\Command->execute(Object(Symfony\\Component\\Console\\Input\\ArgvInput), Object(Illuminate\\Console\\OutputStyle))\n#39 /home/leoripy/cabane/vendor/laravel/framework/src/Illuminate/Console/Command.php(182): Symfony\\Component\\Console\\Command\\Command->run(Object(Symfony\\Component\\Console\\Input\\ArgvInput), Object(Illuminate\\Console\\OutputStyle))\n#40 /home/leoripy/cabane/vendor/symfony/console/Application.php(1047): Illuminate\\Console\\Command->run(Object(Symfony\\Component\\Console\\Input\\ArgvInput), Object(Symfony\\Component\\Console\\Output\\ConsoleOutput))\n#41 /home/leoripy/cabane/vendor/symfony/console/Application.php(316): Symfony\\Component\\Console\\Application->doRunCommand(Object(Illuminate\\Queue\\Console\\WorkCommand), Object(Symfony\\Component\\Console\\Input\\ArgvInput), Object(Symfony\\Component\\Console\\Output\\ConsoleOutput))\n#42 /home/leoripy/cabane/vendor/symfony/console/Application.php(167): Symfony\\Component\\Console\\Application->doRun(Object(Symfony\\Component\\Console\\Input\\ArgvInput), Object(Symfony\\Component\\Console\\Output\\ConsoleOutput))\n#43 /home/leoripy/cabane/vendor/laravel/framework/src/Illuminate/Foundation/Console/Kernel.php(197): Symfony\\Component\\Console\\Application->run(Object(Symfony\\Component\\Console\\Input\\ArgvInput), Object(Symfony\\Component\\Console\\Output\\ConsoleOutput))\n#44 /home/leoripy/cabane/vendor/laravel/framework/src/Illuminate/Foundation/Application.php(1205): Illuminate\\Foundation\\Console\\Kernel->handle(Object(Symfony\\Component\\Console\\Input\\ArgvInput), Object(Symfony\\Component\\Console\\Output\\ConsoleOutput))\n#45 /home/leoripy/cabane/artisan(13): Illuminate\\Foundation\\Application->handleCommand(Object(Symfony\\Component\\Console\\Input\\ArgvInput))\n#46 {main}', '2024-11-25 22:33:09');
INSERT INTO `failed_jobs` (`id`, `uuid`, `connection`, `queue`, `payload`, `exception`, `failed_at`) VALUES
(5, 'f03654c4-c9b2-42c9-9b00-ef7bbd56b6b5', 'database', 'default', '{\"uuid\":\"f03654c4-c9b2-42c9-9b00-ef7bbd56b6b5\",\"displayName\":\"App\\\\Mail\\\\ContactMail\",\"job\":\"Illuminate\\\\Queue\\\\CallQueuedHandler@call\",\"maxTries\":null,\"maxExceptions\":null,\"failOnTimeout\":false,\"backoff\":null,\"timeout\":null,\"retryUntil\":null,\"data\":{\"commandName\":\"Illuminate\\\\Mail\\\\SendQueuedMailable\",\"command\":\"O:34:\\\"Illuminate\\\\Mail\\\\SendQueuedMailable\\\":15:{s:8:\\\"mailable\\\";O:20:\\\"App\\\\Mail\\\\ContactMail\\\":9:{s:4:\\\"name\\\";s:3:\\\"qsd\\\";s:5:\\\"email\\\";s:12:\\\"qsd@qsd.qsds\\\";s:5:\\\"phone\\\";N;s:14:\\\"messageContent\\\";s:24:\\\"qsdqsdqsdqsdqsdqsdqsdqsd\\\";s:10:\\\"adminEmail\\\";s:20:\\\"leo.ripert@gmail.com\\\";s:14:\\\"adminPhoneHref\\\";s:10:\\\"0615166490\\\";s:10:\\\"adminPhone\\\";s:18:\\\"06 15 16 64 90\\\";s:2:\\\"to\\\";a:1:{i:0;a:2:{s:4:\\\"name\\\";N;s:7:\\\"address\\\";s:20:\\\"leo.ripert@gmail.com\\\";}}s:6:\\\"mailer\\\";s:4:\\\"smtp\\\";}s:5:\\\"tries\\\";N;s:7:\\\"timeout\\\";N;s:13:\\\"maxExceptions\\\";N;s:17:\\\"shouldBeEncrypted\\\";b:0;s:10:\\\"connection\\\";N;s:5:\\\"queue\\\";N;s:5:\\\"delay\\\";N;s:11:\\\"afterCommit\\\";N;s:10:\\\"middleware\\\";a:0:{}s:7:\\\"chained\\\";a:0:{}s:15:\\\"chainConnection\\\";N;s:10:\\\"chainQueue\\\";N;s:19:\\\"chainCatchCallbacks\\\";N;s:3:\\\"job\\\";N;}\"}}', 'Symfony\\Component\\Mailer\\Exception\\TransportException: Connection could not be established with host \"smtp.gmail.com:587\": stream_socket_client(): Unable to connect to smtp.gmail.com:587 (Connection refused) in /home/leoripy/cabane/vendor/symfony/mailer/Transport/Smtp/Stream/SocketStream.php:154\nStack trace:\n#0 [internal function]: Symfony\\Component\\Mailer\\Transport\\Smtp\\Stream\\SocketStream->Symfony\\Component\\Mailer\\Transport\\Smtp\\Stream\\{closure}(2, \'stream_socket_c...\', \'/home/leoripy/c...\', 157)\n#1 /home/leoripy/cabane/vendor/symfony/mailer/Transport/Smtp/Stream/SocketStream.php(157): stream_socket_client(\'smtp.gmail.com:...\', 0, \'\', 60.0, 4, Resource id #966)\n#2 /home/leoripy/cabane/vendor/symfony/mailer/Transport/Smtp/SmtpTransport.php(270): Symfony\\Component\\Mailer\\Transport\\Smtp\\Stream\\SocketStream->initialize()\n#3 /home/leoripy/cabane/vendor/symfony/mailer/Transport/Smtp/SmtpTransport.php(209): Symfony\\Component\\Mailer\\Transport\\Smtp\\SmtpTransport->start()\n#4 /home/leoripy/cabane/vendor/symfony/mailer/Transport/AbstractTransport.php(69): Symfony\\Component\\Mailer\\Transport\\Smtp\\SmtpTransport->doSend(Object(Symfony\\Component\\Mailer\\SentMessage))\n#5 /home/leoripy/cabane/vendor/symfony/mailer/Transport/Smtp/SmtpTransport.php(137): Symfony\\Component\\Mailer\\Transport\\AbstractTransport->send(Object(Symfony\\Component\\Mime\\Email), Object(Symfony\\Component\\Mailer\\DelayedEnvelope))\n#6 /home/leoripy/cabane/vendor/laravel/framework/src/Illuminate/Mail/Mailer.php(585): Symfony\\Component\\Mailer\\Transport\\Smtp\\SmtpTransport->send(Object(Symfony\\Component\\Mime\\Email), Object(Symfony\\Component\\Mailer\\DelayedEnvelope))\n#7 /home/leoripy/cabane/vendor/laravel/framework/src/Illuminate/Mail/Mailer.php(332): Illuminate\\Mail\\Mailer->sendSymfonyMessage(Object(Symfony\\Component\\Mime\\Email))\n#8 /home/leoripy/cabane/vendor/laravel/framework/src/Illuminate/Mail/Mailable.php(205): Illuminate\\Mail\\Mailer->send(\'emails.contact\', Array, Object(Closure))\n#9 /home/leoripy/cabane/vendor/laravel/framework/src/Illuminate/Support/Traits/Localizable.php(19): Illuminate\\Mail\\Mailable->Illuminate\\Mail\\{closure}()\n#10 /home/leoripy/cabane/vendor/laravel/framework/src/Illuminate/Mail/Mailable.php(198): Illuminate\\Mail\\Mailable->withLocale(NULL, Object(Closure))\n#11 /home/leoripy/cabane/vendor/laravel/framework/src/Illuminate/Mail/SendQueuedMailable.php(83): Illuminate\\Mail\\Mailable->send(Object(Illuminate\\Mail\\MailManager))\n#12 /home/leoripy/cabane/vendor/laravel/framework/src/Illuminate/Container/BoundMethod.php(36): Illuminate\\Mail\\SendQueuedMailable->handle(Object(Illuminate\\Mail\\MailManager))\n#13 /home/leoripy/cabane/vendor/laravel/framework/src/Illuminate/Container/Util.php(43): Illuminate\\Container\\BoundMethod::Illuminate\\Container\\{closure}()\n#14 /home/leoripy/cabane/vendor/laravel/framework/src/Illuminate/Container/BoundMethod.php(95): Illuminate\\Container\\Util::unwrapIfClosure(Object(Closure))\n#15 /home/leoripy/cabane/vendor/laravel/framework/src/Illuminate/Container/BoundMethod.php(35): Illuminate\\Container\\BoundMethod::callBoundMethod(Object(Illuminate\\Foundation\\Application), Array, Object(Closure))\n#16 /home/leoripy/cabane/vendor/laravel/framework/src/Illuminate/Container/Container.php(690): Illuminate\\Container\\BoundMethod::call(Object(Illuminate\\Foundation\\Application), Array, Array, NULL)\n#17 /home/leoripy/cabane/vendor/laravel/framework/src/Illuminate/Bus/Dispatcher.php(128): Illuminate\\Container\\Container->call(Array)\n#18 /home/leoripy/cabane/vendor/laravel/framework/src/Illuminate/Pipeline/Pipeline.php(144): Illuminate\\Bus\\Dispatcher->Illuminate\\Bus\\{closure}(Object(Illuminate\\Mail\\SendQueuedMailable))\n#19 /home/leoripy/cabane/vendor/laravel/framework/src/Illuminate/Pipeline/Pipeline.php(119): Illuminate\\Pipeline\\Pipeline->Illuminate\\Pipeline\\{closure}(Object(Illuminate\\Mail\\SendQueuedMailable))\n#20 /home/leoripy/cabane/vendor/laravel/framework/src/Illuminate/Bus/Dispatcher.php(132): Illuminate\\Pipeline\\Pipeline->then(Object(Closure))\n#21 /home/leoripy/cabane/vendor/laravel/framework/src/Illuminate/Queue/CallQueuedHandler.php(124): Illuminate\\Bus\\Dispatcher->dispatchNow(Object(Illuminate\\Mail\\SendQueuedMailable), false)\n#22 /home/leoripy/cabane/vendor/laravel/framework/src/Illuminate/Pipeline/Pipeline.php(144): Illuminate\\Queue\\CallQueuedHandler->Illuminate\\Queue\\{closure}(Object(Illuminate\\Mail\\SendQueuedMailable))\n#23 /home/leoripy/cabane/vendor/laravel/framework/src/Illuminate/Pipeline/Pipeline.php(119): Illuminate\\Pipeline\\Pipeline->Illuminate\\Pipeline\\{closure}(Object(Illuminate\\Mail\\SendQueuedMailable))\n#24 /home/leoripy/cabane/vendor/laravel/framework/src/Illuminate/Queue/CallQueuedHandler.php(123): Illuminate\\Pipeline\\Pipeline->then(Object(Closure))\n#25 /home/leoripy/cabane/vendor/laravel/framework/src/Illuminate/Queue/CallQueuedHandler.php(71): Illuminate\\Queue\\CallQueuedHandler->dispatchThroughMiddleware(Object(Illuminate\\Queue\\Jobs\\DatabaseJob), Object(Illuminate\\Mail\\SendQueuedMailable))\n#26 /home/leoripy/cabane/vendor/laravel/framework/src/Illuminate/Queue/Jobs/Job.php(102): Illuminate\\Queue\\CallQueuedHandler->call(Object(Illuminate\\Queue\\Jobs\\DatabaseJob), Array)\n#27 /home/leoripy/cabane/vendor/laravel/framework/src/Illuminate/Queue/Worker.php(440): Illuminate\\Queue\\Jobs\\Job->fire()\n#28 /home/leoripy/cabane/vendor/laravel/framework/src/Illuminate/Queue/Worker.php(390): Illuminate\\Queue\\Worker->process(\'database\', Object(Illuminate\\Queue\\Jobs\\DatabaseJob), Object(Illuminate\\Queue\\WorkerOptions))\n#29 /home/leoripy/cabane/vendor/laravel/framework/src/Illuminate/Queue/Worker.php(334): Illuminate\\Queue\\Worker->runJob(Object(Illuminate\\Queue\\Jobs\\DatabaseJob), \'database\', Object(Illuminate\\Queue\\WorkerOptions))\n#30 /home/leoripy/cabane/vendor/laravel/framework/src/Illuminate/Queue/Console/WorkCommand.php(148): Illuminate\\Queue\\Worker->runNextJob(\'database\', \'default\', Object(Illuminate\\Queue\\WorkerOptions))\n#31 /home/leoripy/cabane/vendor/laravel/framework/src/Illuminate/Queue/Console/WorkCommand.php(131): Illuminate\\Queue\\Console\\WorkCommand->runWorker(\'database\', \'default\')\n#32 /home/leoripy/cabane/vendor/laravel/framework/src/Illuminate/Container/BoundMethod.php(36): Illuminate\\Queue\\Console\\WorkCommand->handle()\n#33 /home/leoripy/cabane/vendor/laravel/framework/src/Illuminate/Container/Util.php(43): Illuminate\\Container\\BoundMethod::Illuminate\\Container\\{closure}()\n#34 /home/leoripy/cabane/vendor/laravel/framework/src/Illuminate/Container/BoundMethod.php(95): Illuminate\\Container\\Util::unwrapIfClosure(Object(Closure))\n#35 /home/leoripy/cabane/vendor/laravel/framework/src/Illuminate/Container/BoundMethod.php(35): Illuminate\\Container\\BoundMethod::callBoundMethod(Object(Illuminate\\Foundation\\Application), Array, Object(Closure))\n#36 /home/leoripy/cabane/vendor/laravel/framework/src/Illuminate/Container/Container.php(690): Illuminate\\Container\\BoundMethod::call(Object(Illuminate\\Foundation\\Application), Array, Array, NULL)\n#37 /home/leoripy/cabane/vendor/laravel/framework/src/Illuminate/Console/Command.php(213): Illuminate\\Container\\Container->call(Array)\n#38 /home/leoripy/cabane/vendor/symfony/console/Command/Command.php(279): Illuminate\\Console\\Command->execute(Object(Symfony\\Component\\Console\\Input\\ArgvInput), Object(Illuminate\\Console\\OutputStyle))\n#39 /home/leoripy/cabane/vendor/laravel/framework/src/Illuminate/Console/Command.php(182): Symfony\\Component\\Console\\Command\\Command->run(Object(Symfony\\Component\\Console\\Input\\ArgvInput), Object(Illuminate\\Console\\OutputStyle))\n#40 /home/leoripy/cabane/vendor/symfony/console/Application.php(1047): Illuminate\\Console\\Command->run(Object(Symfony\\Component\\Console\\Input\\ArgvInput), Object(Symfony\\Component\\Console\\Output\\ConsoleOutput))\n#41 /home/leoripy/cabane/vendor/symfony/console/Application.php(316): Symfony\\Component\\Console\\Application->doRunCommand(Object(Illuminate\\Queue\\Console\\WorkCommand), Object(Symfony\\Component\\Console\\Input\\ArgvInput), Object(Symfony\\Component\\Console\\Output\\ConsoleOutput))\n#42 /home/leoripy/cabane/vendor/symfony/console/Application.php(167): Symfony\\Component\\Console\\Application->doRun(Object(Symfony\\Component\\Console\\Input\\ArgvInput), Object(Symfony\\Component\\Console\\Output\\ConsoleOutput))\n#43 /home/leoripy/cabane/vendor/laravel/framework/src/Illuminate/Foundation/Console/Kernel.php(197): Symfony\\Component\\Console\\Application->run(Object(Symfony\\Component\\Console\\Input\\ArgvInput), Object(Symfony\\Component\\Console\\Output\\ConsoleOutput))\n#44 /home/leoripy/cabane/vendor/laravel/framework/src/Illuminate/Foundation/Application.php(1205): Illuminate\\Foundation\\Console\\Kernel->handle(Object(Symfony\\Component\\Console\\Input\\ArgvInput), Object(Symfony\\Component\\Console\\Output\\ConsoleOutput))\n#45 /home/leoripy/cabane/artisan(13): Illuminate\\Foundation\\Application->handleCommand(Object(Symfony\\Component\\Console\\Input\\ArgvInput))\n#46 {main}', '2024-11-25 22:33:09'),
(6, '60b13e86-2cab-40ed-84d6-1b917a46cec3', 'database', 'default', '{\"uuid\":\"60b13e86-2cab-40ed-84d6-1b917a46cec3\",\"displayName\":\"App\\\\Mail\\\\ContactAutoResponseMail\",\"job\":\"Illuminate\\\\Queue\\\\CallQueuedHandler@call\",\"maxTries\":null,\"maxExceptions\":null,\"failOnTimeout\":false,\"backoff\":null,\"timeout\":null,\"retryUntil\":null,\"data\":{\"commandName\":\"Illuminate\\\\Mail\\\\SendQueuedMailable\",\"command\":\"O:34:\\\"Illuminate\\\\Mail\\\\SendQueuedMailable\\\":15:{s:8:\\\"mailable\\\";O:32:\\\"App\\\\Mail\\\\ContactAutoResponseMail\\\":6:{s:4:\\\"name\\\";s:3:\\\"qsd\\\";s:10:\\\"adminEmail\\\";s:20:\\\"leo.ripert@gmail.com\\\";s:14:\\\"adminPhoneHref\\\";s:10:\\\"0615166490\\\";s:10:\\\"adminPhone\\\";s:18:\\\"06 15 16 64 90\\\";s:2:\\\"to\\\";a:1:{i:0;a:2:{s:4:\\\"name\\\";N;s:7:\\\"address\\\";s:12:\\\"qsd@qsd.qsds\\\";}}s:6:\\\"mailer\\\";s:4:\\\"smtp\\\";}s:5:\\\"tries\\\";N;s:7:\\\"timeout\\\";N;s:13:\\\"maxExceptions\\\";N;s:17:\\\"shouldBeEncrypted\\\";b:0;s:10:\\\"connection\\\";N;s:5:\\\"queue\\\";N;s:5:\\\"delay\\\";N;s:11:\\\"afterCommit\\\";N;s:10:\\\"middleware\\\";a:0:{}s:7:\\\"chained\\\";a:0:{}s:15:\\\"chainConnection\\\";N;s:10:\\\"chainQueue\\\";N;s:19:\\\"chainCatchCallbacks\\\";N;s:3:\\\"job\\\";N;}\"}}', 'Symfony\\Component\\Mailer\\Exception\\TransportException: Connection could not be established with host \"smtp.gmail.com:587\": stream_socket_client(): Unable to connect to smtp.gmail.com:587 (Connection refused) in /home/leoripy/cabane/vendor/symfony/mailer/Transport/Smtp/Stream/SocketStream.php:154\nStack trace:\n#0 [internal function]: Symfony\\Component\\Mailer\\Transport\\Smtp\\Stream\\SocketStream->Symfony\\Component\\Mailer\\Transport\\Smtp\\Stream\\{closure}(2, \'stream_socket_c...\', \'/home/leoripy/c...\', 157)\n#1 /home/leoripy/cabane/vendor/symfony/mailer/Transport/Smtp/Stream/SocketStream.php(157): stream_socket_client(\'smtp.gmail.com:...\', 0, \'\', 60.0, 4, Resource id #966)\n#2 /home/leoripy/cabane/vendor/symfony/mailer/Transport/Smtp/SmtpTransport.php(270): Symfony\\Component\\Mailer\\Transport\\Smtp\\Stream\\SocketStream->initialize()\n#3 /home/leoripy/cabane/vendor/symfony/mailer/Transport/Smtp/SmtpTransport.php(209): Symfony\\Component\\Mailer\\Transport\\Smtp\\SmtpTransport->start()\n#4 /home/leoripy/cabane/vendor/symfony/mailer/Transport/AbstractTransport.php(69): Symfony\\Component\\Mailer\\Transport\\Smtp\\SmtpTransport->doSend(Object(Symfony\\Component\\Mailer\\SentMessage))\n#5 /home/leoripy/cabane/vendor/symfony/mailer/Transport/Smtp/SmtpTransport.php(137): Symfony\\Component\\Mailer\\Transport\\AbstractTransport->send(Object(Symfony\\Component\\Mime\\Email), Object(Symfony\\Component\\Mailer\\DelayedEnvelope))\n#6 /home/leoripy/cabane/vendor/laravel/framework/src/Illuminate/Mail/Mailer.php(585): Symfony\\Component\\Mailer\\Transport\\Smtp\\SmtpTransport->send(Object(Symfony\\Component\\Mime\\Email), Object(Symfony\\Component\\Mailer\\DelayedEnvelope))\n#7 /home/leoripy/cabane/vendor/laravel/framework/src/Illuminate/Mail/Mailer.php(332): Illuminate\\Mail\\Mailer->sendSymfonyMessage(Object(Symfony\\Component\\Mime\\Email))\n#8 /home/leoripy/cabane/vendor/laravel/framework/src/Illuminate/Mail/Mailable.php(205): Illuminate\\Mail\\Mailer->send(\'emails.contactA...\', Array, Object(Closure))\n#9 /home/leoripy/cabane/vendor/laravel/framework/src/Illuminate/Support/Traits/Localizable.php(19): Illuminate\\Mail\\Mailable->Illuminate\\Mail\\{closure}()\n#10 /home/leoripy/cabane/vendor/laravel/framework/src/Illuminate/Mail/Mailable.php(198): Illuminate\\Mail\\Mailable->withLocale(NULL, Object(Closure))\n#11 /home/leoripy/cabane/vendor/laravel/framework/src/Illuminate/Mail/SendQueuedMailable.php(83): Illuminate\\Mail\\Mailable->send(Object(Illuminate\\Mail\\MailManager))\n#12 /home/leoripy/cabane/vendor/laravel/framework/src/Illuminate/Container/BoundMethod.php(36): Illuminate\\Mail\\SendQueuedMailable->handle(Object(Illuminate\\Mail\\MailManager))\n#13 /home/leoripy/cabane/vendor/laravel/framework/src/Illuminate/Container/Util.php(43): Illuminate\\Container\\BoundMethod::Illuminate\\Container\\{closure}()\n#14 /home/leoripy/cabane/vendor/laravel/framework/src/Illuminate/Container/BoundMethod.php(95): Illuminate\\Container\\Util::unwrapIfClosure(Object(Closure))\n#15 /home/leoripy/cabane/vendor/laravel/framework/src/Illuminate/Container/BoundMethod.php(35): Illuminate\\Container\\BoundMethod::callBoundMethod(Object(Illuminate\\Foundation\\Application), Array, Object(Closure))\n#16 /home/leoripy/cabane/vendor/laravel/framework/src/Illuminate/Container/Container.php(690): Illuminate\\Container\\BoundMethod::call(Object(Illuminate\\Foundation\\Application), Array, Array, NULL)\n#17 /home/leoripy/cabane/vendor/laravel/framework/src/Illuminate/Bus/Dispatcher.php(128): Illuminate\\Container\\Container->call(Array)\n#18 /home/leoripy/cabane/vendor/laravel/framework/src/Illuminate/Pipeline/Pipeline.php(144): Illuminate\\Bus\\Dispatcher->Illuminate\\Bus\\{closure}(Object(Illuminate\\Mail\\SendQueuedMailable))\n#19 /home/leoripy/cabane/vendor/laravel/framework/src/Illuminate/Pipeline/Pipeline.php(119): Illuminate\\Pipeline\\Pipeline->Illuminate\\Pipeline\\{closure}(Object(Illuminate\\Mail\\SendQueuedMailable))\n#20 /home/leoripy/cabane/vendor/laravel/framework/src/Illuminate/Bus/Dispatcher.php(132): Illuminate\\Pipeline\\Pipeline->then(Object(Closure))\n#21 /home/leoripy/cabane/vendor/laravel/framework/src/Illuminate/Queue/CallQueuedHandler.php(124): Illuminate\\Bus\\Dispatcher->dispatchNow(Object(Illuminate\\Mail\\SendQueuedMailable), false)\n#22 /home/leoripy/cabane/vendor/laravel/framework/src/Illuminate/Pipeline/Pipeline.php(144): Illuminate\\Queue\\CallQueuedHandler->Illuminate\\Queue\\{closure}(Object(Illuminate\\Mail\\SendQueuedMailable))\n#23 /home/leoripy/cabane/vendor/laravel/framework/src/Illuminate/Pipeline/Pipeline.php(119): Illuminate\\Pipeline\\Pipeline->Illuminate\\Pipeline\\{closure}(Object(Illuminate\\Mail\\SendQueuedMailable))\n#24 /home/leoripy/cabane/vendor/laravel/framework/src/Illuminate/Queue/CallQueuedHandler.php(123): Illuminate\\Pipeline\\Pipeline->then(Object(Closure))\n#25 /home/leoripy/cabane/vendor/laravel/framework/src/Illuminate/Queue/CallQueuedHandler.php(71): Illuminate\\Queue\\CallQueuedHandler->dispatchThroughMiddleware(Object(Illuminate\\Queue\\Jobs\\DatabaseJob), Object(Illuminate\\Mail\\SendQueuedMailable))\n#26 /home/leoripy/cabane/vendor/laravel/framework/src/Illuminate/Queue/Jobs/Job.php(102): Illuminate\\Queue\\CallQueuedHandler->call(Object(Illuminate\\Queue\\Jobs\\DatabaseJob), Array)\n#27 /home/leoripy/cabane/vendor/laravel/framework/src/Illuminate/Queue/Worker.php(440): Illuminate\\Queue\\Jobs\\Job->fire()\n#28 /home/leoripy/cabane/vendor/laravel/framework/src/Illuminate/Queue/Worker.php(390): Illuminate\\Queue\\Worker->process(\'database\', Object(Illuminate\\Queue\\Jobs\\DatabaseJob), Object(Illuminate\\Queue\\WorkerOptions))\n#29 /home/leoripy/cabane/vendor/laravel/framework/src/Illuminate/Queue/Worker.php(334): Illuminate\\Queue\\Worker->runJob(Object(Illuminate\\Queue\\Jobs\\DatabaseJob), \'database\', Object(Illuminate\\Queue\\WorkerOptions))\n#30 /home/leoripy/cabane/vendor/laravel/framework/src/Illuminate/Queue/Console/WorkCommand.php(148): Illuminate\\Queue\\Worker->runNextJob(\'database\', \'default\', Object(Illuminate\\Queue\\WorkerOptions))\n#31 /home/leoripy/cabane/vendor/laravel/framework/src/Illuminate/Queue/Console/WorkCommand.php(131): Illuminate\\Queue\\Console\\WorkCommand->runWorker(\'database\', \'default\')\n#32 /home/leoripy/cabane/vendor/laravel/framework/src/Illuminate/Container/BoundMethod.php(36): Illuminate\\Queue\\Console\\WorkCommand->handle()\n#33 /home/leoripy/cabane/vendor/laravel/framework/src/Illuminate/Container/Util.php(43): Illuminate\\Container\\BoundMethod::Illuminate\\Container\\{closure}()\n#34 /home/leoripy/cabane/vendor/laravel/framework/src/Illuminate/Container/BoundMethod.php(95): Illuminate\\Container\\Util::unwrapIfClosure(Object(Closure))\n#35 /home/leoripy/cabane/vendor/laravel/framework/src/Illuminate/Container/BoundMethod.php(35): Illuminate\\Container\\BoundMethod::callBoundMethod(Object(Illuminate\\Foundation\\Application), Array, Object(Closure))\n#36 /home/leoripy/cabane/vendor/laravel/framework/src/Illuminate/Container/Container.php(690): Illuminate\\Container\\BoundMethod::call(Object(Illuminate\\Foundation\\Application), Array, Array, NULL)\n#37 /home/leoripy/cabane/vendor/laravel/framework/src/Illuminate/Console/Command.php(213): Illuminate\\Container\\Container->call(Array)\n#38 /home/leoripy/cabane/vendor/symfony/console/Command/Command.php(279): Illuminate\\Console\\Command->execute(Object(Symfony\\Component\\Console\\Input\\ArgvInput), Object(Illuminate\\Console\\OutputStyle))\n#39 /home/leoripy/cabane/vendor/laravel/framework/src/Illuminate/Console/Command.php(182): Symfony\\Component\\Console\\Command\\Command->run(Object(Symfony\\Component\\Console\\Input\\ArgvInput), Object(Illuminate\\Console\\OutputStyle))\n#40 /home/leoripy/cabane/vendor/symfony/console/Application.php(1047): Illuminate\\Console\\Command->run(Object(Symfony\\Component\\Console\\Input\\ArgvInput), Object(Symfony\\Component\\Console\\Output\\ConsoleOutput))\n#41 /home/leoripy/cabane/vendor/symfony/console/Application.php(316): Symfony\\Component\\Console\\Application->doRunCommand(Object(Illuminate\\Queue\\Console\\WorkCommand), Object(Symfony\\Component\\Console\\Input\\ArgvInput), Object(Symfony\\Component\\Console\\Output\\ConsoleOutput))\n#42 /home/leoripy/cabane/vendor/symfony/console/Application.php(167): Symfony\\Component\\Console\\Application->doRun(Object(Symfony\\Component\\Console\\Input\\ArgvInput), Object(Symfony\\Component\\Console\\Output\\ConsoleOutput))\n#43 /home/leoripy/cabane/vendor/laravel/framework/src/Illuminate/Foundation/Console/Kernel.php(197): Symfony\\Component\\Console\\Application->run(Object(Symfony\\Component\\Console\\Input\\ArgvInput), Object(Symfony\\Component\\Console\\Output\\ConsoleOutput))\n#44 /home/leoripy/cabane/vendor/laravel/framework/src/Illuminate/Foundation/Application.php(1205): Illuminate\\Foundation\\Console\\Kernel->handle(Object(Symfony\\Component\\Console\\Input\\ArgvInput), Object(Symfony\\Component\\Console\\Output\\ConsoleOutput))\n#45 /home/leoripy/cabane/artisan(13): Illuminate\\Foundation\\Application->handleCommand(Object(Symfony\\Component\\Console\\Input\\ArgvInput))\n#46 {main}', '2024-11-25 22:33:09'),
(7, 'cf5d2748-00e6-4ae3-b649-368b89b4c0d8', 'database', 'default', '{\"uuid\":\"cf5d2748-00e6-4ae3-b649-368b89b4c0d8\",\"displayName\":\"App\\\\Mail\\\\ContactMail\",\"job\":\"Illuminate\\\\Queue\\\\CallQueuedHandler@call\",\"maxTries\":null,\"maxExceptions\":null,\"failOnTimeout\":false,\"backoff\":null,\"timeout\":null,\"retryUntil\":null,\"data\":{\"commandName\":\"Illuminate\\\\Mail\\\\SendQueuedMailable\",\"command\":\"O:34:\\\"Illuminate\\\\Mail\\\\SendQueuedMailable\\\":15:{s:8:\\\"mailable\\\";O:20:\\\"App\\\\Mail\\\\ContactMail\\\":9:{s:4:\\\"name\\\";s:11:\\\"RIPERT Léo\\\";s:5:\\\"email\\\";s:21:\\\"leo.ripert0@gmail.com\\\";s:5:\\\"phone\\\";s:10:\\\"0615166490\\\";s:14:\\\"messageContent\\\";s:33:\\\"RIPERT LéoRIPERT LéoRIPERT Léo\\\";s:10:\\\"adminEmail\\\";s:20:\\\"leo.ripert@gmail.com\\\";s:14:\\\"adminPhoneHref\\\";s:10:\\\"0615166490\\\";s:10:\\\"adminPhone\\\";s:18:\\\"06 15 16 64 90\\\";s:2:\\\"to\\\";a:1:{i:0;a:2:{s:4:\\\"name\\\";N;s:7:\\\"address\\\";s:20:\\\"leo.ripert@gmail.com\\\";}}s:6:\\\"mailer\\\";s:4:\\\"smtp\\\";}s:5:\\\"tries\\\";N;s:7:\\\"timeout\\\";N;s:13:\\\"maxExceptions\\\";N;s:17:\\\"shouldBeEncrypted\\\";b:0;s:10:\\\"connection\\\";N;s:5:\\\"queue\\\";N;s:5:\\\"delay\\\";N;s:11:\\\"afterCommit\\\";N;s:10:\\\"middleware\\\";a:0:{}s:7:\\\"chained\\\";a:0:{}s:15:\\\"chainConnection\\\";N;s:10:\\\"chainQueue\\\";N;s:19:\\\"chainCatchCallbacks\\\";N;s:3:\\\"job\\\";N;}\"}}', 'Symfony\\Component\\Mailer\\Exception\\TransportException: Connection could not be established with host \"smtp.gmail.com:587\": stream_socket_client(): Unable to connect to smtp.gmail.com:587 (Connection refused) in /home/leoripy/cabane/vendor/symfony/mailer/Transport/Smtp/Stream/SocketStream.php:154\nStack trace:\n#0 [internal function]: Symfony\\Component\\Mailer\\Transport\\Smtp\\Stream\\SocketStream->Symfony\\Component\\Mailer\\Transport\\Smtp\\Stream\\{closure}(2, \'stream_socket_c...\', \'/home/leoripy/c...\', 157)\n#1 /home/leoripy/cabane/vendor/symfony/mailer/Transport/Smtp/Stream/SocketStream.php(157): stream_socket_client(\'smtp.gmail.com:...\', 0, \'\', 60.0, 4, Resource id #966)\n#2 /home/leoripy/cabane/vendor/symfony/mailer/Transport/Smtp/SmtpTransport.php(270): Symfony\\Component\\Mailer\\Transport\\Smtp\\Stream\\SocketStream->initialize()\n#3 /home/leoripy/cabane/vendor/symfony/mailer/Transport/Smtp/SmtpTransport.php(209): Symfony\\Component\\Mailer\\Transport\\Smtp\\SmtpTransport->start()\n#4 /home/leoripy/cabane/vendor/symfony/mailer/Transport/AbstractTransport.php(69): Symfony\\Component\\Mailer\\Transport\\Smtp\\SmtpTransport->doSend(Object(Symfony\\Component\\Mailer\\SentMessage))\n#5 /home/leoripy/cabane/vendor/symfony/mailer/Transport/Smtp/SmtpTransport.php(137): Symfony\\Component\\Mailer\\Transport\\AbstractTransport->send(Object(Symfony\\Component\\Mime\\Email), Object(Symfony\\Component\\Mailer\\DelayedEnvelope))\n#6 /home/leoripy/cabane/vendor/laravel/framework/src/Illuminate/Mail/Mailer.php(585): Symfony\\Component\\Mailer\\Transport\\Smtp\\SmtpTransport->send(Object(Symfony\\Component\\Mime\\Email), Object(Symfony\\Component\\Mailer\\DelayedEnvelope))\n#7 /home/leoripy/cabane/vendor/laravel/framework/src/Illuminate/Mail/Mailer.php(332): Illuminate\\Mail\\Mailer->sendSymfonyMessage(Object(Symfony\\Component\\Mime\\Email))\n#8 /home/leoripy/cabane/vendor/laravel/framework/src/Illuminate/Mail/Mailable.php(205): Illuminate\\Mail\\Mailer->send(\'emails.contact\', Array, Object(Closure))\n#9 /home/leoripy/cabane/vendor/laravel/framework/src/Illuminate/Support/Traits/Localizable.php(19): Illuminate\\Mail\\Mailable->Illuminate\\Mail\\{closure}()\n#10 /home/leoripy/cabane/vendor/laravel/framework/src/Illuminate/Mail/Mailable.php(198): Illuminate\\Mail\\Mailable->withLocale(NULL, Object(Closure))\n#11 /home/leoripy/cabane/vendor/laravel/framework/src/Illuminate/Mail/SendQueuedMailable.php(83): Illuminate\\Mail\\Mailable->send(Object(Illuminate\\Mail\\MailManager))\n#12 /home/leoripy/cabane/vendor/laravel/framework/src/Illuminate/Container/BoundMethod.php(36): Illuminate\\Mail\\SendQueuedMailable->handle(Object(Illuminate\\Mail\\MailManager))\n#13 /home/leoripy/cabane/vendor/laravel/framework/src/Illuminate/Container/Util.php(43): Illuminate\\Container\\BoundMethod::Illuminate\\Container\\{closure}()\n#14 /home/leoripy/cabane/vendor/laravel/framework/src/Illuminate/Container/BoundMethod.php(95): Illuminate\\Container\\Util::unwrapIfClosure(Object(Closure))\n#15 /home/leoripy/cabane/vendor/laravel/framework/src/Illuminate/Container/BoundMethod.php(35): Illuminate\\Container\\BoundMethod::callBoundMethod(Object(Illuminate\\Foundation\\Application), Array, Object(Closure))\n#16 /home/leoripy/cabane/vendor/laravel/framework/src/Illuminate/Container/Container.php(690): Illuminate\\Container\\BoundMethod::call(Object(Illuminate\\Foundation\\Application), Array, Array, NULL)\n#17 /home/leoripy/cabane/vendor/laravel/framework/src/Illuminate/Bus/Dispatcher.php(128): Illuminate\\Container\\Container->call(Array)\n#18 /home/leoripy/cabane/vendor/laravel/framework/src/Illuminate/Pipeline/Pipeline.php(144): Illuminate\\Bus\\Dispatcher->Illuminate\\Bus\\{closure}(Object(Illuminate\\Mail\\SendQueuedMailable))\n#19 /home/leoripy/cabane/vendor/laravel/framework/src/Illuminate/Pipeline/Pipeline.php(119): Illuminate\\Pipeline\\Pipeline->Illuminate\\Pipeline\\{closure}(Object(Illuminate\\Mail\\SendQueuedMailable))\n#20 /home/leoripy/cabane/vendor/laravel/framework/src/Illuminate/Bus/Dispatcher.php(132): Illuminate\\Pipeline\\Pipeline->then(Object(Closure))\n#21 /home/leoripy/cabane/vendor/laravel/framework/src/Illuminate/Queue/CallQueuedHandler.php(124): Illuminate\\Bus\\Dispatcher->dispatchNow(Object(Illuminate\\Mail\\SendQueuedMailable), false)\n#22 /home/leoripy/cabane/vendor/laravel/framework/src/Illuminate/Pipeline/Pipeline.php(144): Illuminate\\Queue\\CallQueuedHandler->Illuminate\\Queue\\{closure}(Object(Illuminate\\Mail\\SendQueuedMailable))\n#23 /home/leoripy/cabane/vendor/laravel/framework/src/Illuminate/Pipeline/Pipeline.php(119): Illuminate\\Pipeline\\Pipeline->Illuminate\\Pipeline\\{closure}(Object(Illuminate\\Mail\\SendQueuedMailable))\n#24 /home/leoripy/cabane/vendor/laravel/framework/src/Illuminate/Queue/CallQueuedHandler.php(123): Illuminate\\Pipeline\\Pipeline->then(Object(Closure))\n#25 /home/leoripy/cabane/vendor/laravel/framework/src/Illuminate/Queue/CallQueuedHandler.php(71): Illuminate\\Queue\\CallQueuedHandler->dispatchThroughMiddleware(Object(Illuminate\\Queue\\Jobs\\DatabaseJob), Object(Illuminate\\Mail\\SendQueuedMailable))\n#26 /home/leoripy/cabane/vendor/laravel/framework/src/Illuminate/Queue/Jobs/Job.php(102): Illuminate\\Queue\\CallQueuedHandler->call(Object(Illuminate\\Queue\\Jobs\\DatabaseJob), Array)\n#27 /home/leoripy/cabane/vendor/laravel/framework/src/Illuminate/Queue/Worker.php(440): Illuminate\\Queue\\Jobs\\Job->fire()\n#28 /home/leoripy/cabane/vendor/laravel/framework/src/Illuminate/Queue/Worker.php(390): Illuminate\\Queue\\Worker->process(\'database\', Object(Illuminate\\Queue\\Jobs\\DatabaseJob), Object(Illuminate\\Queue\\WorkerOptions))\n#29 /home/leoripy/cabane/vendor/laravel/framework/src/Illuminate/Queue/Worker.php(334): Illuminate\\Queue\\Worker->runJob(Object(Illuminate\\Queue\\Jobs\\DatabaseJob), \'database\', Object(Illuminate\\Queue\\WorkerOptions))\n#30 /home/leoripy/cabane/vendor/laravel/framework/src/Illuminate/Queue/Console/WorkCommand.php(148): Illuminate\\Queue\\Worker->runNextJob(\'database\', \'default\', Object(Illuminate\\Queue\\WorkerOptions))\n#31 /home/leoripy/cabane/vendor/laravel/framework/src/Illuminate/Queue/Console/WorkCommand.php(131): Illuminate\\Queue\\Console\\WorkCommand->runWorker(\'database\', \'default\')\n#32 /home/leoripy/cabane/vendor/laravel/framework/src/Illuminate/Container/BoundMethod.php(36): Illuminate\\Queue\\Console\\WorkCommand->handle()\n#33 /home/leoripy/cabane/vendor/laravel/framework/src/Illuminate/Container/Util.php(43): Illuminate\\Container\\BoundMethod::Illuminate\\Container\\{closure}()\n#34 /home/leoripy/cabane/vendor/laravel/framework/src/Illuminate/Container/BoundMethod.php(95): Illuminate\\Container\\Util::unwrapIfClosure(Object(Closure))\n#35 /home/leoripy/cabane/vendor/laravel/framework/src/Illuminate/Container/BoundMethod.php(35): Illuminate\\Container\\BoundMethod::callBoundMethod(Object(Illuminate\\Foundation\\Application), Array, Object(Closure))\n#36 /home/leoripy/cabane/vendor/laravel/framework/src/Illuminate/Container/Container.php(690): Illuminate\\Container\\BoundMethod::call(Object(Illuminate\\Foundation\\Application), Array, Array, NULL)\n#37 /home/leoripy/cabane/vendor/laravel/framework/src/Illuminate/Console/Command.php(213): Illuminate\\Container\\Container->call(Array)\n#38 /home/leoripy/cabane/vendor/symfony/console/Command/Command.php(279): Illuminate\\Console\\Command->execute(Object(Symfony\\Component\\Console\\Input\\ArgvInput), Object(Illuminate\\Console\\OutputStyle))\n#39 /home/leoripy/cabane/vendor/laravel/framework/src/Illuminate/Console/Command.php(182): Symfony\\Component\\Console\\Command\\Command->run(Object(Symfony\\Component\\Console\\Input\\ArgvInput), Object(Illuminate\\Console\\OutputStyle))\n#40 /home/leoripy/cabane/vendor/symfony/console/Application.php(1047): Illuminate\\Console\\Command->run(Object(Symfony\\Component\\Console\\Input\\ArgvInput), Object(Symfony\\Component\\Console\\Output\\ConsoleOutput))\n#41 /home/leoripy/cabane/vendor/symfony/console/Application.php(316): Symfony\\Component\\Console\\Application->doRunCommand(Object(Illuminate\\Queue\\Console\\WorkCommand), Object(Symfony\\Component\\Console\\Input\\ArgvInput), Object(Symfony\\Component\\Console\\Output\\ConsoleOutput))\n#42 /home/leoripy/cabane/vendor/symfony/console/Application.php(167): Symfony\\Component\\Console\\Application->doRun(Object(Symfony\\Component\\Console\\Input\\ArgvInput), Object(Symfony\\Component\\Console\\Output\\ConsoleOutput))\n#43 /home/leoripy/cabane/vendor/laravel/framework/src/Illuminate/Foundation/Console/Kernel.php(197): Symfony\\Component\\Console\\Application->run(Object(Symfony\\Component\\Console\\Input\\ArgvInput), Object(Symfony\\Component\\Console\\Output\\ConsoleOutput))\n#44 /home/leoripy/cabane/vendor/laravel/framework/src/Illuminate/Foundation/Application.php(1205): Illuminate\\Foundation\\Console\\Kernel->handle(Object(Symfony\\Component\\Console\\Input\\ArgvInput), Object(Symfony\\Component\\Console\\Output\\ConsoleOutput))\n#45 /home/leoripy/cabane/artisan(13): Illuminate\\Foundation\\Application->handleCommand(Object(Symfony\\Component\\Console\\Input\\ArgvInput))\n#46 {main}', '2024-11-25 22:34:05'),
(8, '7d945c05-1019-43ee-bc97-c0eb3e3f85f2', 'database', 'default', '{\"uuid\":\"7d945c05-1019-43ee-bc97-c0eb3e3f85f2\",\"displayName\":\"App\\\\Mail\\\\ContactAutoResponseMail\",\"job\":\"Illuminate\\\\Queue\\\\CallQueuedHandler@call\",\"maxTries\":null,\"maxExceptions\":null,\"failOnTimeout\":false,\"backoff\":null,\"timeout\":null,\"retryUntil\":null,\"data\":{\"commandName\":\"Illuminate\\\\Mail\\\\SendQueuedMailable\",\"command\":\"O:34:\\\"Illuminate\\\\Mail\\\\SendQueuedMailable\\\":15:{s:8:\\\"mailable\\\";O:32:\\\"App\\\\Mail\\\\ContactAutoResponseMail\\\":6:{s:4:\\\"name\\\";s:11:\\\"RIPERT Léo\\\";s:10:\\\"adminEmail\\\";s:20:\\\"leo.ripert@gmail.com\\\";s:14:\\\"adminPhoneHref\\\";s:10:\\\"0615166490\\\";s:10:\\\"adminPhone\\\";s:18:\\\"06 15 16 64 90\\\";s:2:\\\"to\\\";a:1:{i:0;a:2:{s:4:\\\"name\\\";N;s:7:\\\"address\\\";s:21:\\\"leo.ripert0@gmail.com\\\";}}s:6:\\\"mailer\\\";s:4:\\\"smtp\\\";}s:5:\\\"tries\\\";N;s:7:\\\"timeout\\\";N;s:13:\\\"maxExceptions\\\";N;s:17:\\\"shouldBeEncrypted\\\";b:0;s:10:\\\"connection\\\";N;s:5:\\\"queue\\\";N;s:5:\\\"delay\\\";N;s:11:\\\"afterCommit\\\";N;s:10:\\\"middleware\\\";a:0:{}s:7:\\\"chained\\\";a:0:{}s:15:\\\"chainConnection\\\";N;s:10:\\\"chainQueue\\\";N;s:19:\\\"chainCatchCallbacks\\\";N;s:3:\\\"job\\\";N;}\"}}', 'Symfony\\Component\\Mailer\\Exception\\TransportException: Connection could not be established with host \"smtp.gmail.com:587\": stream_socket_client(): Unable to connect to smtp.gmail.com:587 (Connection refused) in /home/leoripy/cabane/vendor/symfony/mailer/Transport/Smtp/Stream/SocketStream.php:154\nStack trace:\n#0 [internal function]: Symfony\\Component\\Mailer\\Transport\\Smtp\\Stream\\SocketStream->Symfony\\Component\\Mailer\\Transport\\Smtp\\Stream\\{closure}(2, \'stream_socket_c...\', \'/home/leoripy/c...\', 157)\n#1 /home/leoripy/cabane/vendor/symfony/mailer/Transport/Smtp/Stream/SocketStream.php(157): stream_socket_client(\'smtp.gmail.com:...\', 0, \'\', 60.0, 4, Resource id #966)\n#2 /home/leoripy/cabane/vendor/symfony/mailer/Transport/Smtp/SmtpTransport.php(270): Symfony\\Component\\Mailer\\Transport\\Smtp\\Stream\\SocketStream->initialize()\n#3 /home/leoripy/cabane/vendor/symfony/mailer/Transport/Smtp/SmtpTransport.php(209): Symfony\\Component\\Mailer\\Transport\\Smtp\\SmtpTransport->start()\n#4 /home/leoripy/cabane/vendor/symfony/mailer/Transport/AbstractTransport.php(69): Symfony\\Component\\Mailer\\Transport\\Smtp\\SmtpTransport->doSend(Object(Symfony\\Component\\Mailer\\SentMessage))\n#5 /home/leoripy/cabane/vendor/symfony/mailer/Transport/Smtp/SmtpTransport.php(137): Symfony\\Component\\Mailer\\Transport\\AbstractTransport->send(Object(Symfony\\Component\\Mime\\Email), Object(Symfony\\Component\\Mailer\\DelayedEnvelope))\n#6 /home/leoripy/cabane/vendor/laravel/framework/src/Illuminate/Mail/Mailer.php(585): Symfony\\Component\\Mailer\\Transport\\Smtp\\SmtpTransport->send(Object(Symfony\\Component\\Mime\\Email), Object(Symfony\\Component\\Mailer\\DelayedEnvelope))\n#7 /home/leoripy/cabane/vendor/laravel/framework/src/Illuminate/Mail/Mailer.php(332): Illuminate\\Mail\\Mailer->sendSymfonyMessage(Object(Symfony\\Component\\Mime\\Email))\n#8 /home/leoripy/cabane/vendor/laravel/framework/src/Illuminate/Mail/Mailable.php(205): Illuminate\\Mail\\Mailer->send(\'emails.contactA...\', Array, Object(Closure))\n#9 /home/leoripy/cabane/vendor/laravel/framework/src/Illuminate/Support/Traits/Localizable.php(19): Illuminate\\Mail\\Mailable->Illuminate\\Mail\\{closure}()\n#10 /home/leoripy/cabane/vendor/laravel/framework/src/Illuminate/Mail/Mailable.php(198): Illuminate\\Mail\\Mailable->withLocale(NULL, Object(Closure))\n#11 /home/leoripy/cabane/vendor/laravel/framework/src/Illuminate/Mail/SendQueuedMailable.php(83): Illuminate\\Mail\\Mailable->send(Object(Illuminate\\Mail\\MailManager))\n#12 /home/leoripy/cabane/vendor/laravel/framework/src/Illuminate/Container/BoundMethod.php(36): Illuminate\\Mail\\SendQueuedMailable->handle(Object(Illuminate\\Mail\\MailManager))\n#13 /home/leoripy/cabane/vendor/laravel/framework/src/Illuminate/Container/Util.php(43): Illuminate\\Container\\BoundMethod::Illuminate\\Container\\{closure}()\n#14 /home/leoripy/cabane/vendor/laravel/framework/src/Illuminate/Container/BoundMethod.php(95): Illuminate\\Container\\Util::unwrapIfClosure(Object(Closure))\n#15 /home/leoripy/cabane/vendor/laravel/framework/src/Illuminate/Container/BoundMethod.php(35): Illuminate\\Container\\BoundMethod::callBoundMethod(Object(Illuminate\\Foundation\\Application), Array, Object(Closure))\n#16 /home/leoripy/cabane/vendor/laravel/framework/src/Illuminate/Container/Container.php(690): Illuminate\\Container\\BoundMethod::call(Object(Illuminate\\Foundation\\Application), Array, Array, NULL)\n#17 /home/leoripy/cabane/vendor/laravel/framework/src/Illuminate/Bus/Dispatcher.php(128): Illuminate\\Container\\Container->call(Array)\n#18 /home/leoripy/cabane/vendor/laravel/framework/src/Illuminate/Pipeline/Pipeline.php(144): Illuminate\\Bus\\Dispatcher->Illuminate\\Bus\\{closure}(Object(Illuminate\\Mail\\SendQueuedMailable))\n#19 /home/leoripy/cabane/vendor/laravel/framework/src/Illuminate/Pipeline/Pipeline.php(119): Illuminate\\Pipeline\\Pipeline->Illuminate\\Pipeline\\{closure}(Object(Illuminate\\Mail\\SendQueuedMailable))\n#20 /home/leoripy/cabane/vendor/laravel/framework/src/Illuminate/Bus/Dispatcher.php(132): Illuminate\\Pipeline\\Pipeline->then(Object(Closure))\n#21 /home/leoripy/cabane/vendor/laravel/framework/src/Illuminate/Queue/CallQueuedHandler.php(124): Illuminate\\Bus\\Dispatcher->dispatchNow(Object(Illuminate\\Mail\\SendQueuedMailable), false)\n#22 /home/leoripy/cabane/vendor/laravel/framework/src/Illuminate/Pipeline/Pipeline.php(144): Illuminate\\Queue\\CallQueuedHandler->Illuminate\\Queue\\{closure}(Object(Illuminate\\Mail\\SendQueuedMailable))\n#23 /home/leoripy/cabane/vendor/laravel/framework/src/Illuminate/Pipeline/Pipeline.php(119): Illuminate\\Pipeline\\Pipeline->Illuminate\\Pipeline\\{closure}(Object(Illuminate\\Mail\\SendQueuedMailable))\n#24 /home/leoripy/cabane/vendor/laravel/framework/src/Illuminate/Queue/CallQueuedHandler.php(123): Illuminate\\Pipeline\\Pipeline->then(Object(Closure))\n#25 /home/leoripy/cabane/vendor/laravel/framework/src/Illuminate/Queue/CallQueuedHandler.php(71): Illuminate\\Queue\\CallQueuedHandler->dispatchThroughMiddleware(Object(Illuminate\\Queue\\Jobs\\DatabaseJob), Object(Illuminate\\Mail\\SendQueuedMailable))\n#26 /home/leoripy/cabane/vendor/laravel/framework/src/Illuminate/Queue/Jobs/Job.php(102): Illuminate\\Queue\\CallQueuedHandler->call(Object(Illuminate\\Queue\\Jobs\\DatabaseJob), Array)\n#27 /home/leoripy/cabane/vendor/laravel/framework/src/Illuminate/Queue/Worker.php(440): Illuminate\\Queue\\Jobs\\Job->fire()\n#28 /home/leoripy/cabane/vendor/laravel/framework/src/Illuminate/Queue/Worker.php(390): Illuminate\\Queue\\Worker->process(\'database\', Object(Illuminate\\Queue\\Jobs\\DatabaseJob), Object(Illuminate\\Queue\\WorkerOptions))\n#29 /home/leoripy/cabane/vendor/laravel/framework/src/Illuminate/Queue/Worker.php(334): Illuminate\\Queue\\Worker->runJob(Object(Illuminate\\Queue\\Jobs\\DatabaseJob), \'database\', Object(Illuminate\\Queue\\WorkerOptions))\n#30 /home/leoripy/cabane/vendor/laravel/framework/src/Illuminate/Queue/Console/WorkCommand.php(148): Illuminate\\Queue\\Worker->runNextJob(\'database\', \'default\', Object(Illuminate\\Queue\\WorkerOptions))\n#31 /home/leoripy/cabane/vendor/laravel/framework/src/Illuminate/Queue/Console/WorkCommand.php(131): Illuminate\\Queue\\Console\\WorkCommand->runWorker(\'database\', \'default\')\n#32 /home/leoripy/cabane/vendor/laravel/framework/src/Illuminate/Container/BoundMethod.php(36): Illuminate\\Queue\\Console\\WorkCommand->handle()\n#33 /home/leoripy/cabane/vendor/laravel/framework/src/Illuminate/Container/Util.php(43): Illuminate\\Container\\BoundMethod::Illuminate\\Container\\{closure}()\n#34 /home/leoripy/cabane/vendor/laravel/framework/src/Illuminate/Container/BoundMethod.php(95): Illuminate\\Container\\Util::unwrapIfClosure(Object(Closure))\n#35 /home/leoripy/cabane/vendor/laravel/framework/src/Illuminate/Container/BoundMethod.php(35): Illuminate\\Container\\BoundMethod::callBoundMethod(Object(Illuminate\\Foundation\\Application), Array, Object(Closure))\n#36 /home/leoripy/cabane/vendor/laravel/framework/src/Illuminate/Container/Container.php(690): Illuminate\\Container\\BoundMethod::call(Object(Illuminate\\Foundation\\Application), Array, Array, NULL)\n#37 /home/leoripy/cabane/vendor/laravel/framework/src/Illuminate/Console/Command.php(213): Illuminate\\Container\\Container->call(Array)\n#38 /home/leoripy/cabane/vendor/symfony/console/Command/Command.php(279): Illuminate\\Console\\Command->execute(Object(Symfony\\Component\\Console\\Input\\ArgvInput), Object(Illuminate\\Console\\OutputStyle))\n#39 /home/leoripy/cabane/vendor/laravel/framework/src/Illuminate/Console/Command.php(182): Symfony\\Component\\Console\\Command\\Command->run(Object(Symfony\\Component\\Console\\Input\\ArgvInput), Object(Illuminate\\Console\\OutputStyle))\n#40 /home/leoripy/cabane/vendor/symfony/console/Application.php(1047): Illuminate\\Console\\Command->run(Object(Symfony\\Component\\Console\\Input\\ArgvInput), Object(Symfony\\Component\\Console\\Output\\ConsoleOutput))\n#41 /home/leoripy/cabane/vendor/symfony/console/Application.php(316): Symfony\\Component\\Console\\Application->doRunCommand(Object(Illuminate\\Queue\\Console\\WorkCommand), Object(Symfony\\Component\\Console\\Input\\ArgvInput), Object(Symfony\\Component\\Console\\Output\\ConsoleOutput))\n#42 /home/leoripy/cabane/vendor/symfony/console/Application.php(167): Symfony\\Component\\Console\\Application->doRun(Object(Symfony\\Component\\Console\\Input\\ArgvInput), Object(Symfony\\Component\\Console\\Output\\ConsoleOutput))\n#43 /home/leoripy/cabane/vendor/laravel/framework/src/Illuminate/Foundation/Console/Kernel.php(197): Symfony\\Component\\Console\\Application->run(Object(Symfony\\Component\\Console\\Input\\ArgvInput), Object(Symfony\\Component\\Console\\Output\\ConsoleOutput))\n#44 /home/leoripy/cabane/vendor/laravel/framework/src/Illuminate/Foundation/Application.php(1205): Illuminate\\Foundation\\Console\\Kernel->handle(Object(Symfony\\Component\\Console\\Input\\ArgvInput), Object(Symfony\\Component\\Console\\Output\\ConsoleOutput))\n#45 /home/leoripy/cabane/artisan(13): Illuminate\\Foundation\\Application->handleCommand(Object(Symfony\\Component\\Console\\Input\\ArgvInput))\n#46 {main}', '2024-11-25 22:34:06');
INSERT INTO `failed_jobs` (`id`, `uuid`, `connection`, `queue`, `payload`, `exception`, `failed_at`) VALUES
(9, '57efbdd9-70db-4354-83bf-ba9e5ff8db2a', 'database', 'default', '{\"uuid\":\"57efbdd9-70db-4354-83bf-ba9e5ff8db2a\",\"displayName\":\"App\\\\Mail\\\\ContactMail\",\"job\":\"Illuminate\\\\Queue\\\\CallQueuedHandler@call\",\"maxTries\":null,\"maxExceptions\":null,\"failOnTimeout\":false,\"backoff\":null,\"timeout\":null,\"retryUntil\":null,\"data\":{\"commandName\":\"Illuminate\\\\Mail\\\\SendQueuedMailable\",\"command\":\"O:34:\\\"Illuminate\\\\Mail\\\\SendQueuedMailable\\\":15:{s:8:\\\"mailable\\\";O:20:\\\"App\\\\Mail\\\\ContactMail\\\":9:{s:4:\\\"name\\\";s:3:\\\"wxc\\\";s:5:\\\"email\\\";s:10:\\\"wxc@xc.wxc\\\";s:5:\\\"phone\\\";N;s:14:\\\"messageContent\\\";s:20:\\\"wxc@xc.wxcwxc@xc.wxc\\\";s:10:\\\"adminEmail\\\";s:20:\\\"leo.ripert@gmail.com\\\";s:14:\\\"adminPhoneHref\\\";s:10:\\\"0615166490\\\";s:10:\\\"adminPhone\\\";s:18:\\\"06 15 16 64 90\\\";s:2:\\\"to\\\";a:1:{i:0;a:2:{s:4:\\\"name\\\";N;s:7:\\\"address\\\";s:20:\\\"leo.ripert@gmail.com\\\";}}s:6:\\\"mailer\\\";s:4:\\\"smtp\\\";}s:5:\\\"tries\\\";N;s:7:\\\"timeout\\\";N;s:13:\\\"maxExceptions\\\";N;s:17:\\\"shouldBeEncrypted\\\";b:0;s:10:\\\"connection\\\";N;s:5:\\\"queue\\\";N;s:5:\\\"delay\\\";N;s:11:\\\"afterCommit\\\";N;s:10:\\\"middleware\\\";a:0:{}s:7:\\\"chained\\\";a:0:{}s:15:\\\"chainConnection\\\";N;s:10:\\\"chainQueue\\\";N;s:19:\\\"chainCatchCallbacks\\\";N;s:3:\\\"job\\\";N;}\"}}', 'Symfony\\Component\\Mailer\\Exception\\TransportException: Connection could not be established with host \"smtp.gmail.com:587\": stream_socket_client(): Unable to connect to smtp.gmail.com:587 (Connection refused) in /home/leoripy/cabane/vendor/symfony/mailer/Transport/Smtp/Stream/SocketStream.php:154\nStack trace:\n#0 [internal function]: Symfony\\Component\\Mailer\\Transport\\Smtp\\Stream\\SocketStream->Symfony\\Component\\Mailer\\Transport\\Smtp\\Stream\\{closure}(2, \'stream_socket_c...\', \'/home/leoripy/c...\', 157)\n#1 /home/leoripy/cabane/vendor/symfony/mailer/Transport/Smtp/Stream/SocketStream.php(157): stream_socket_client(\'smtp.gmail.com:...\', 0, \'\', 60.0, 4, Resource id #966)\n#2 /home/leoripy/cabane/vendor/symfony/mailer/Transport/Smtp/SmtpTransport.php(270): Symfony\\Component\\Mailer\\Transport\\Smtp\\Stream\\SocketStream->initialize()\n#3 /home/leoripy/cabane/vendor/symfony/mailer/Transport/Smtp/SmtpTransport.php(209): Symfony\\Component\\Mailer\\Transport\\Smtp\\SmtpTransport->start()\n#4 /home/leoripy/cabane/vendor/symfony/mailer/Transport/AbstractTransport.php(69): Symfony\\Component\\Mailer\\Transport\\Smtp\\SmtpTransport->doSend(Object(Symfony\\Component\\Mailer\\SentMessage))\n#5 /home/leoripy/cabane/vendor/symfony/mailer/Transport/Smtp/SmtpTransport.php(137): Symfony\\Component\\Mailer\\Transport\\AbstractTransport->send(Object(Symfony\\Component\\Mime\\Email), Object(Symfony\\Component\\Mailer\\DelayedEnvelope))\n#6 /home/leoripy/cabane/vendor/laravel/framework/src/Illuminate/Mail/Mailer.php(585): Symfony\\Component\\Mailer\\Transport\\Smtp\\SmtpTransport->send(Object(Symfony\\Component\\Mime\\Email), Object(Symfony\\Component\\Mailer\\DelayedEnvelope))\n#7 /home/leoripy/cabane/vendor/laravel/framework/src/Illuminate/Mail/Mailer.php(332): Illuminate\\Mail\\Mailer->sendSymfonyMessage(Object(Symfony\\Component\\Mime\\Email))\n#8 /home/leoripy/cabane/vendor/laravel/framework/src/Illuminate/Mail/Mailable.php(205): Illuminate\\Mail\\Mailer->send(\'emails.contact\', Array, Object(Closure))\n#9 /home/leoripy/cabane/vendor/laravel/framework/src/Illuminate/Support/Traits/Localizable.php(19): Illuminate\\Mail\\Mailable->Illuminate\\Mail\\{closure}()\n#10 /home/leoripy/cabane/vendor/laravel/framework/src/Illuminate/Mail/Mailable.php(198): Illuminate\\Mail\\Mailable->withLocale(NULL, Object(Closure))\n#11 /home/leoripy/cabane/vendor/laravel/framework/src/Illuminate/Mail/SendQueuedMailable.php(83): Illuminate\\Mail\\Mailable->send(Object(Illuminate\\Mail\\MailManager))\n#12 /home/leoripy/cabane/vendor/laravel/framework/src/Illuminate/Container/BoundMethod.php(36): Illuminate\\Mail\\SendQueuedMailable->handle(Object(Illuminate\\Mail\\MailManager))\n#13 /home/leoripy/cabane/vendor/laravel/framework/src/Illuminate/Container/Util.php(43): Illuminate\\Container\\BoundMethod::Illuminate\\Container\\{closure}()\n#14 /home/leoripy/cabane/vendor/laravel/framework/src/Illuminate/Container/BoundMethod.php(95): Illuminate\\Container\\Util::unwrapIfClosure(Object(Closure))\n#15 /home/leoripy/cabane/vendor/laravel/framework/src/Illuminate/Container/BoundMethod.php(35): Illuminate\\Container\\BoundMethod::callBoundMethod(Object(Illuminate\\Foundation\\Application), Array, Object(Closure))\n#16 /home/leoripy/cabane/vendor/laravel/framework/src/Illuminate/Container/Container.php(690): Illuminate\\Container\\BoundMethod::call(Object(Illuminate\\Foundation\\Application), Array, Array, NULL)\n#17 /home/leoripy/cabane/vendor/laravel/framework/src/Illuminate/Bus/Dispatcher.php(128): Illuminate\\Container\\Container->call(Array)\n#18 /home/leoripy/cabane/vendor/laravel/framework/src/Illuminate/Pipeline/Pipeline.php(144): Illuminate\\Bus\\Dispatcher->Illuminate\\Bus\\{closure}(Object(Illuminate\\Mail\\SendQueuedMailable))\n#19 /home/leoripy/cabane/vendor/laravel/framework/src/Illuminate/Pipeline/Pipeline.php(119): Illuminate\\Pipeline\\Pipeline->Illuminate\\Pipeline\\{closure}(Object(Illuminate\\Mail\\SendQueuedMailable))\n#20 /home/leoripy/cabane/vendor/laravel/framework/src/Illuminate/Bus/Dispatcher.php(132): Illuminate\\Pipeline\\Pipeline->then(Object(Closure))\n#21 /home/leoripy/cabane/vendor/laravel/framework/src/Illuminate/Queue/CallQueuedHandler.php(124): Illuminate\\Bus\\Dispatcher->dispatchNow(Object(Illuminate\\Mail\\SendQueuedMailable), false)\n#22 /home/leoripy/cabane/vendor/laravel/framework/src/Illuminate/Pipeline/Pipeline.php(144): Illuminate\\Queue\\CallQueuedHandler->Illuminate\\Queue\\{closure}(Object(Illuminate\\Mail\\SendQueuedMailable))\n#23 /home/leoripy/cabane/vendor/laravel/framework/src/Illuminate/Pipeline/Pipeline.php(119): Illuminate\\Pipeline\\Pipeline->Illuminate\\Pipeline\\{closure}(Object(Illuminate\\Mail\\SendQueuedMailable))\n#24 /home/leoripy/cabane/vendor/laravel/framework/src/Illuminate/Queue/CallQueuedHandler.php(123): Illuminate\\Pipeline\\Pipeline->then(Object(Closure))\n#25 /home/leoripy/cabane/vendor/laravel/framework/src/Illuminate/Queue/CallQueuedHandler.php(71): Illuminate\\Queue\\CallQueuedHandler->dispatchThroughMiddleware(Object(Illuminate\\Queue\\Jobs\\DatabaseJob), Object(Illuminate\\Mail\\SendQueuedMailable))\n#26 /home/leoripy/cabane/vendor/laravel/framework/src/Illuminate/Queue/Jobs/Job.php(102): Illuminate\\Queue\\CallQueuedHandler->call(Object(Illuminate\\Queue\\Jobs\\DatabaseJob), Array)\n#27 /home/leoripy/cabane/vendor/laravel/framework/src/Illuminate/Queue/Worker.php(440): Illuminate\\Queue\\Jobs\\Job->fire()\n#28 /home/leoripy/cabane/vendor/laravel/framework/src/Illuminate/Queue/Worker.php(390): Illuminate\\Queue\\Worker->process(\'database\', Object(Illuminate\\Queue\\Jobs\\DatabaseJob), Object(Illuminate\\Queue\\WorkerOptions))\n#29 /home/leoripy/cabane/vendor/laravel/framework/src/Illuminate/Queue/Worker.php(334): Illuminate\\Queue\\Worker->runJob(Object(Illuminate\\Queue\\Jobs\\DatabaseJob), \'database\', Object(Illuminate\\Queue\\WorkerOptions))\n#30 /home/leoripy/cabane/vendor/laravel/framework/src/Illuminate/Queue/Console/WorkCommand.php(148): Illuminate\\Queue\\Worker->runNextJob(\'database\', \'default\', Object(Illuminate\\Queue\\WorkerOptions))\n#31 /home/leoripy/cabane/vendor/laravel/framework/src/Illuminate/Queue/Console/WorkCommand.php(131): Illuminate\\Queue\\Console\\WorkCommand->runWorker(\'database\', \'default\')\n#32 /home/leoripy/cabane/vendor/laravel/framework/src/Illuminate/Container/BoundMethod.php(36): Illuminate\\Queue\\Console\\WorkCommand->handle()\n#33 /home/leoripy/cabane/vendor/laravel/framework/src/Illuminate/Container/Util.php(43): Illuminate\\Container\\BoundMethod::Illuminate\\Container\\{closure}()\n#34 /home/leoripy/cabane/vendor/laravel/framework/src/Illuminate/Container/BoundMethod.php(95): Illuminate\\Container\\Util::unwrapIfClosure(Object(Closure))\n#35 /home/leoripy/cabane/vendor/laravel/framework/src/Illuminate/Container/BoundMethod.php(35): Illuminate\\Container\\BoundMethod::callBoundMethod(Object(Illuminate\\Foundation\\Application), Array, Object(Closure))\n#36 /home/leoripy/cabane/vendor/laravel/framework/src/Illuminate/Container/Container.php(690): Illuminate\\Container\\BoundMethod::call(Object(Illuminate\\Foundation\\Application), Array, Array, NULL)\n#37 /home/leoripy/cabane/vendor/laravel/framework/src/Illuminate/Console/Command.php(213): Illuminate\\Container\\Container->call(Array)\n#38 /home/leoripy/cabane/vendor/symfony/console/Command/Command.php(279): Illuminate\\Console\\Command->execute(Object(Symfony\\Component\\Console\\Input\\ArgvInput), Object(Illuminate\\Console\\OutputStyle))\n#39 /home/leoripy/cabane/vendor/laravel/framework/src/Illuminate/Console/Command.php(182): Symfony\\Component\\Console\\Command\\Command->run(Object(Symfony\\Component\\Console\\Input\\ArgvInput), Object(Illuminate\\Console\\OutputStyle))\n#40 /home/leoripy/cabane/vendor/symfony/console/Application.php(1047): Illuminate\\Console\\Command->run(Object(Symfony\\Component\\Console\\Input\\ArgvInput), Object(Symfony\\Component\\Console\\Output\\ConsoleOutput))\n#41 /home/leoripy/cabane/vendor/symfony/console/Application.php(316): Symfony\\Component\\Console\\Application->doRunCommand(Object(Illuminate\\Queue\\Console\\WorkCommand), Object(Symfony\\Component\\Console\\Input\\ArgvInput), Object(Symfony\\Component\\Console\\Output\\ConsoleOutput))\n#42 /home/leoripy/cabane/vendor/symfony/console/Application.php(167): Symfony\\Component\\Console\\Application->doRun(Object(Symfony\\Component\\Console\\Input\\ArgvInput), Object(Symfony\\Component\\Console\\Output\\ConsoleOutput))\n#43 /home/leoripy/cabane/vendor/laravel/framework/src/Illuminate/Foundation/Console/Kernel.php(197): Symfony\\Component\\Console\\Application->run(Object(Symfony\\Component\\Console\\Input\\ArgvInput), Object(Symfony\\Component\\Console\\Output\\ConsoleOutput))\n#44 /home/leoripy/cabane/vendor/laravel/framework/src/Illuminate/Foundation/Application.php(1205): Illuminate\\Foundation\\Console\\Kernel->handle(Object(Symfony\\Component\\Console\\Input\\ArgvInput), Object(Symfony\\Component\\Console\\Output\\ConsoleOutput))\n#45 /home/leoripy/cabane/artisan(13): Illuminate\\Foundation\\Application->handleCommand(Object(Symfony\\Component\\Console\\Input\\ArgvInput))\n#46 {main}', '2024-11-25 22:36:55'),
(10, 'c5bb8d6b-a758-4fe4-a07a-7b04a84d3d69', 'database', 'default', '{\"uuid\":\"c5bb8d6b-a758-4fe4-a07a-7b04a84d3d69\",\"displayName\":\"App\\\\Mail\\\\ContactAutoResponseMail\",\"job\":\"Illuminate\\\\Queue\\\\CallQueuedHandler@call\",\"maxTries\":null,\"maxExceptions\":null,\"failOnTimeout\":false,\"backoff\":null,\"timeout\":null,\"retryUntil\":null,\"data\":{\"commandName\":\"Illuminate\\\\Mail\\\\SendQueuedMailable\",\"command\":\"O:34:\\\"Illuminate\\\\Mail\\\\SendQueuedMailable\\\":15:{s:8:\\\"mailable\\\";O:32:\\\"App\\\\Mail\\\\ContactAutoResponseMail\\\":6:{s:4:\\\"name\\\";s:3:\\\"wxc\\\";s:10:\\\"adminEmail\\\";s:20:\\\"leo.ripert@gmail.com\\\";s:14:\\\"adminPhoneHref\\\";s:10:\\\"0615166490\\\";s:10:\\\"adminPhone\\\";s:18:\\\"06 15 16 64 90\\\";s:2:\\\"to\\\";a:1:{i:0;a:2:{s:4:\\\"name\\\";N;s:7:\\\"address\\\";s:10:\\\"wxc@xc.wxc\\\";}}s:6:\\\"mailer\\\";s:4:\\\"smtp\\\";}s:5:\\\"tries\\\";N;s:7:\\\"timeout\\\";N;s:13:\\\"maxExceptions\\\";N;s:17:\\\"shouldBeEncrypted\\\";b:0;s:10:\\\"connection\\\";N;s:5:\\\"queue\\\";N;s:5:\\\"delay\\\";N;s:11:\\\"afterCommit\\\";N;s:10:\\\"middleware\\\";a:0:{}s:7:\\\"chained\\\";a:0:{}s:15:\\\"chainConnection\\\";N;s:10:\\\"chainQueue\\\";N;s:19:\\\"chainCatchCallbacks\\\";N;s:3:\\\"job\\\";N;}\"}}', 'Symfony\\Component\\Mailer\\Exception\\TransportException: Connection could not be established with host \"smtp.gmail.com:587\": stream_socket_client(): Unable to connect to smtp.gmail.com:587 (Connection refused) in /home/leoripy/cabane/vendor/symfony/mailer/Transport/Smtp/Stream/SocketStream.php:154\nStack trace:\n#0 [internal function]: Symfony\\Component\\Mailer\\Transport\\Smtp\\Stream\\SocketStream->Symfony\\Component\\Mailer\\Transport\\Smtp\\Stream\\{closure}(2, \'stream_socket_c...\', \'/home/leoripy/c...\', 157)\n#1 /home/leoripy/cabane/vendor/symfony/mailer/Transport/Smtp/Stream/SocketStream.php(157): stream_socket_client(\'smtp.gmail.com:...\', 0, \'\', 60.0, 4, Resource id #966)\n#2 /home/leoripy/cabane/vendor/symfony/mailer/Transport/Smtp/SmtpTransport.php(270): Symfony\\Component\\Mailer\\Transport\\Smtp\\Stream\\SocketStream->initialize()\n#3 /home/leoripy/cabane/vendor/symfony/mailer/Transport/Smtp/SmtpTransport.php(209): Symfony\\Component\\Mailer\\Transport\\Smtp\\SmtpTransport->start()\n#4 /home/leoripy/cabane/vendor/symfony/mailer/Transport/AbstractTransport.php(69): Symfony\\Component\\Mailer\\Transport\\Smtp\\SmtpTransport->doSend(Object(Symfony\\Component\\Mailer\\SentMessage))\n#5 /home/leoripy/cabane/vendor/symfony/mailer/Transport/Smtp/SmtpTransport.php(137): Symfony\\Component\\Mailer\\Transport\\AbstractTransport->send(Object(Symfony\\Component\\Mime\\Email), Object(Symfony\\Component\\Mailer\\DelayedEnvelope))\n#6 /home/leoripy/cabane/vendor/laravel/framework/src/Illuminate/Mail/Mailer.php(585): Symfony\\Component\\Mailer\\Transport\\Smtp\\SmtpTransport->send(Object(Symfony\\Component\\Mime\\Email), Object(Symfony\\Component\\Mailer\\DelayedEnvelope))\n#7 /home/leoripy/cabane/vendor/laravel/framework/src/Illuminate/Mail/Mailer.php(332): Illuminate\\Mail\\Mailer->sendSymfonyMessage(Object(Symfony\\Component\\Mime\\Email))\n#8 /home/leoripy/cabane/vendor/laravel/framework/src/Illuminate/Mail/Mailable.php(205): Illuminate\\Mail\\Mailer->send(\'emails.contactA...\', Array, Object(Closure))\n#9 /home/leoripy/cabane/vendor/laravel/framework/src/Illuminate/Support/Traits/Localizable.php(19): Illuminate\\Mail\\Mailable->Illuminate\\Mail\\{closure}()\n#10 /home/leoripy/cabane/vendor/laravel/framework/src/Illuminate/Mail/Mailable.php(198): Illuminate\\Mail\\Mailable->withLocale(NULL, Object(Closure))\n#11 /home/leoripy/cabane/vendor/laravel/framework/src/Illuminate/Mail/SendQueuedMailable.php(83): Illuminate\\Mail\\Mailable->send(Object(Illuminate\\Mail\\MailManager))\n#12 /home/leoripy/cabane/vendor/laravel/framework/src/Illuminate/Container/BoundMethod.php(36): Illuminate\\Mail\\SendQueuedMailable->handle(Object(Illuminate\\Mail\\MailManager))\n#13 /home/leoripy/cabane/vendor/laravel/framework/src/Illuminate/Container/Util.php(43): Illuminate\\Container\\BoundMethod::Illuminate\\Container\\{closure}()\n#14 /home/leoripy/cabane/vendor/laravel/framework/src/Illuminate/Container/BoundMethod.php(95): Illuminate\\Container\\Util::unwrapIfClosure(Object(Closure))\n#15 /home/leoripy/cabane/vendor/laravel/framework/src/Illuminate/Container/BoundMethod.php(35): Illuminate\\Container\\BoundMethod::callBoundMethod(Object(Illuminate\\Foundation\\Application), Array, Object(Closure))\n#16 /home/leoripy/cabane/vendor/laravel/framework/src/Illuminate/Container/Container.php(690): Illuminate\\Container\\BoundMethod::call(Object(Illuminate\\Foundation\\Application), Array, Array, NULL)\n#17 /home/leoripy/cabane/vendor/laravel/framework/src/Illuminate/Bus/Dispatcher.php(128): Illuminate\\Container\\Container->call(Array)\n#18 /home/leoripy/cabane/vendor/laravel/framework/src/Illuminate/Pipeline/Pipeline.php(144): Illuminate\\Bus\\Dispatcher->Illuminate\\Bus\\{closure}(Object(Illuminate\\Mail\\SendQueuedMailable))\n#19 /home/leoripy/cabane/vendor/laravel/framework/src/Illuminate/Pipeline/Pipeline.php(119): Illuminate\\Pipeline\\Pipeline->Illuminate\\Pipeline\\{closure}(Object(Illuminate\\Mail\\SendQueuedMailable))\n#20 /home/leoripy/cabane/vendor/laravel/framework/src/Illuminate/Bus/Dispatcher.php(132): Illuminate\\Pipeline\\Pipeline->then(Object(Closure))\n#21 /home/leoripy/cabane/vendor/laravel/framework/src/Illuminate/Queue/CallQueuedHandler.php(124): Illuminate\\Bus\\Dispatcher->dispatchNow(Object(Illuminate\\Mail\\SendQueuedMailable), false)\n#22 /home/leoripy/cabane/vendor/laravel/framework/src/Illuminate/Pipeline/Pipeline.php(144): Illuminate\\Queue\\CallQueuedHandler->Illuminate\\Queue\\{closure}(Object(Illuminate\\Mail\\SendQueuedMailable))\n#23 /home/leoripy/cabane/vendor/laravel/framework/src/Illuminate/Pipeline/Pipeline.php(119): Illuminate\\Pipeline\\Pipeline->Illuminate\\Pipeline\\{closure}(Object(Illuminate\\Mail\\SendQueuedMailable))\n#24 /home/leoripy/cabane/vendor/laravel/framework/src/Illuminate/Queue/CallQueuedHandler.php(123): Illuminate\\Pipeline\\Pipeline->then(Object(Closure))\n#25 /home/leoripy/cabane/vendor/laravel/framework/src/Illuminate/Queue/CallQueuedHandler.php(71): Illuminate\\Queue\\CallQueuedHandler->dispatchThroughMiddleware(Object(Illuminate\\Queue\\Jobs\\DatabaseJob), Object(Illuminate\\Mail\\SendQueuedMailable))\n#26 /home/leoripy/cabane/vendor/laravel/framework/src/Illuminate/Queue/Jobs/Job.php(102): Illuminate\\Queue\\CallQueuedHandler->call(Object(Illuminate\\Queue\\Jobs\\DatabaseJob), Array)\n#27 /home/leoripy/cabane/vendor/laravel/framework/src/Illuminate/Queue/Worker.php(440): Illuminate\\Queue\\Jobs\\Job->fire()\n#28 /home/leoripy/cabane/vendor/laravel/framework/src/Illuminate/Queue/Worker.php(390): Illuminate\\Queue\\Worker->process(\'database\', Object(Illuminate\\Queue\\Jobs\\DatabaseJob), Object(Illuminate\\Queue\\WorkerOptions))\n#29 /home/leoripy/cabane/vendor/laravel/framework/src/Illuminate/Queue/Worker.php(334): Illuminate\\Queue\\Worker->runJob(Object(Illuminate\\Queue\\Jobs\\DatabaseJob), \'database\', Object(Illuminate\\Queue\\WorkerOptions))\n#30 /home/leoripy/cabane/vendor/laravel/framework/src/Illuminate/Queue/Console/WorkCommand.php(148): Illuminate\\Queue\\Worker->runNextJob(\'database\', \'default\', Object(Illuminate\\Queue\\WorkerOptions))\n#31 /home/leoripy/cabane/vendor/laravel/framework/src/Illuminate/Queue/Console/WorkCommand.php(131): Illuminate\\Queue\\Console\\WorkCommand->runWorker(\'database\', \'default\')\n#32 /home/leoripy/cabane/vendor/laravel/framework/src/Illuminate/Container/BoundMethod.php(36): Illuminate\\Queue\\Console\\WorkCommand->handle()\n#33 /home/leoripy/cabane/vendor/laravel/framework/src/Illuminate/Container/Util.php(43): Illuminate\\Container\\BoundMethod::Illuminate\\Container\\{closure}()\n#34 /home/leoripy/cabane/vendor/laravel/framework/src/Illuminate/Container/BoundMethod.php(95): Illuminate\\Container\\Util::unwrapIfClosure(Object(Closure))\n#35 /home/leoripy/cabane/vendor/laravel/framework/src/Illuminate/Container/BoundMethod.php(35): Illuminate\\Container\\BoundMethod::callBoundMethod(Object(Illuminate\\Foundation\\Application), Array, Object(Closure))\n#36 /home/leoripy/cabane/vendor/laravel/framework/src/Illuminate/Container/Container.php(690): Illuminate\\Container\\BoundMethod::call(Object(Illuminate\\Foundation\\Application), Array, Array, NULL)\n#37 /home/leoripy/cabane/vendor/laravel/framework/src/Illuminate/Console/Command.php(213): Illuminate\\Container\\Container->call(Array)\n#38 /home/leoripy/cabane/vendor/symfony/console/Command/Command.php(279): Illuminate\\Console\\Command->execute(Object(Symfony\\Component\\Console\\Input\\ArgvInput), Object(Illuminate\\Console\\OutputStyle))\n#39 /home/leoripy/cabane/vendor/laravel/framework/src/Illuminate/Console/Command.php(182): Symfony\\Component\\Console\\Command\\Command->run(Object(Symfony\\Component\\Console\\Input\\ArgvInput), Object(Illuminate\\Console\\OutputStyle))\n#40 /home/leoripy/cabane/vendor/symfony/console/Application.php(1047): Illuminate\\Console\\Command->run(Object(Symfony\\Component\\Console\\Input\\ArgvInput), Object(Symfony\\Component\\Console\\Output\\ConsoleOutput))\n#41 /home/leoripy/cabane/vendor/symfony/console/Application.php(316): Symfony\\Component\\Console\\Application->doRunCommand(Object(Illuminate\\Queue\\Console\\WorkCommand), Object(Symfony\\Component\\Console\\Input\\ArgvInput), Object(Symfony\\Component\\Console\\Output\\ConsoleOutput))\n#42 /home/leoripy/cabane/vendor/symfony/console/Application.php(167): Symfony\\Component\\Console\\Application->doRun(Object(Symfony\\Component\\Console\\Input\\ArgvInput), Object(Symfony\\Component\\Console\\Output\\ConsoleOutput))\n#43 /home/leoripy/cabane/vendor/laravel/framework/src/Illuminate/Foundation/Console/Kernel.php(197): Symfony\\Component\\Console\\Application->run(Object(Symfony\\Component\\Console\\Input\\ArgvInput), Object(Symfony\\Component\\Console\\Output\\ConsoleOutput))\n#44 /home/leoripy/cabane/vendor/laravel/framework/src/Illuminate/Foundation/Application.php(1205): Illuminate\\Foundation\\Console\\Kernel->handle(Object(Symfony\\Component\\Console\\Input\\ArgvInput), Object(Symfony\\Component\\Console\\Output\\ConsoleOutput))\n#45 /home/leoripy/cabane/artisan(13): Illuminate\\Foundation\\Application->handleCommand(Object(Symfony\\Component\\Console\\Input\\ArgvInput))\n#46 {main}', '2024-11-25 22:36:56'),
(11, '1dc3d9fd-f270-4d89-945a-e8924a574b41', 'database', 'default', '{\"uuid\":\"1dc3d9fd-f270-4d89-945a-e8924a574b41\",\"displayName\":\"App\\\\Mail\\\\ContactMail\",\"job\":\"Illuminate\\\\Queue\\\\CallQueuedHandler@call\",\"maxTries\":null,\"maxExceptions\":null,\"failOnTimeout\":false,\"backoff\":null,\"timeout\":null,\"retryUntil\":null,\"data\":{\"commandName\":\"Illuminate\\\\Mail\\\\SendQueuedMailable\",\"command\":\"O:34:\\\"Illuminate\\\\Mail\\\\SendQueuedMailable\\\":15:{s:8:\\\"mailable\\\";O:20:\\\"App\\\\Mail\\\\ContactMail\\\":9:{s:4:\\\"name\\\";s:6:\\\"qsdw<x\\\";s:5:\\\"email\\\";s:15:\\\"lsqdf@gmail.com\\\";s:5:\\\"phone\\\";s:10:\\\"0615166490\\\";s:14:\\\"messageContent\\\";s:30:\\\"lsqdf@gmail.comlsqdf@gmail.com\\\";s:10:\\\"adminEmail\\\";s:20:\\\"leo.ripert@gmail.com\\\";s:14:\\\"adminPhoneHref\\\";s:10:\\\"0615166490\\\";s:10:\\\"adminPhone\\\";s:18:\\\"06 15 16 64 90\\\";s:2:\\\"to\\\";a:1:{i:0;a:2:{s:4:\\\"name\\\";N;s:7:\\\"address\\\";s:20:\\\"leo.ripert@gmail.com\\\";}}s:6:\\\"mailer\\\";s:4:\\\"smtp\\\";}s:5:\\\"tries\\\";N;s:7:\\\"timeout\\\";N;s:13:\\\"maxExceptions\\\";N;s:17:\\\"shouldBeEncrypted\\\";b:0;s:10:\\\"connection\\\";N;s:5:\\\"queue\\\";N;s:5:\\\"delay\\\";N;s:11:\\\"afterCommit\\\";N;s:10:\\\"middleware\\\";a:0:{}s:7:\\\"chained\\\";a:0:{}s:15:\\\"chainConnection\\\";N;s:10:\\\"chainQueue\\\";N;s:19:\\\"chainCatchCallbacks\\\";N;s:3:\\\"job\\\";N;}\"}}', 'Symfony\\Component\\Mailer\\Exception\\TransportException: Connection could not be established with host \"smtp.gmail.com:587\": stream_socket_client(): Unable to connect to smtp.gmail.com:587 (Connection refused) in /home/leoripy/cabane/vendor/symfony/mailer/Transport/Smtp/Stream/SocketStream.php:154\nStack trace:\n#0 [internal function]: Symfony\\Component\\Mailer\\Transport\\Smtp\\Stream\\SocketStream->Symfony\\Component\\Mailer\\Transport\\Smtp\\Stream\\{closure}(2, \'stream_socket_c...\', \'/home/leoripy/c...\', 157)\n#1 /home/leoripy/cabane/vendor/symfony/mailer/Transport/Smtp/Stream/SocketStream.php(157): stream_socket_client(\'smtp.gmail.com:...\', 0, \'\', 60.0, 4, Resource id #966)\n#2 /home/leoripy/cabane/vendor/symfony/mailer/Transport/Smtp/SmtpTransport.php(270): Symfony\\Component\\Mailer\\Transport\\Smtp\\Stream\\SocketStream->initialize()\n#3 /home/leoripy/cabane/vendor/symfony/mailer/Transport/Smtp/SmtpTransport.php(209): Symfony\\Component\\Mailer\\Transport\\Smtp\\SmtpTransport->start()\n#4 /home/leoripy/cabane/vendor/symfony/mailer/Transport/AbstractTransport.php(69): Symfony\\Component\\Mailer\\Transport\\Smtp\\SmtpTransport->doSend(Object(Symfony\\Component\\Mailer\\SentMessage))\n#5 /home/leoripy/cabane/vendor/symfony/mailer/Transport/Smtp/SmtpTransport.php(137): Symfony\\Component\\Mailer\\Transport\\AbstractTransport->send(Object(Symfony\\Component\\Mime\\Email), Object(Symfony\\Component\\Mailer\\DelayedEnvelope))\n#6 /home/leoripy/cabane/vendor/laravel/framework/src/Illuminate/Mail/Mailer.php(585): Symfony\\Component\\Mailer\\Transport\\Smtp\\SmtpTransport->send(Object(Symfony\\Component\\Mime\\Email), Object(Symfony\\Component\\Mailer\\DelayedEnvelope))\n#7 /home/leoripy/cabane/vendor/laravel/framework/src/Illuminate/Mail/Mailer.php(332): Illuminate\\Mail\\Mailer->sendSymfonyMessage(Object(Symfony\\Component\\Mime\\Email))\n#8 /home/leoripy/cabane/vendor/laravel/framework/src/Illuminate/Mail/Mailable.php(205): Illuminate\\Mail\\Mailer->send(\'emails.contact\', Array, Object(Closure))\n#9 /home/leoripy/cabane/vendor/laravel/framework/src/Illuminate/Support/Traits/Localizable.php(19): Illuminate\\Mail\\Mailable->Illuminate\\Mail\\{closure}()\n#10 /home/leoripy/cabane/vendor/laravel/framework/src/Illuminate/Mail/Mailable.php(198): Illuminate\\Mail\\Mailable->withLocale(NULL, Object(Closure))\n#11 /home/leoripy/cabane/vendor/laravel/framework/src/Illuminate/Mail/SendQueuedMailable.php(83): Illuminate\\Mail\\Mailable->send(Object(Illuminate\\Mail\\MailManager))\n#12 /home/leoripy/cabane/vendor/laravel/framework/src/Illuminate/Container/BoundMethod.php(36): Illuminate\\Mail\\SendQueuedMailable->handle(Object(Illuminate\\Mail\\MailManager))\n#13 /home/leoripy/cabane/vendor/laravel/framework/src/Illuminate/Container/Util.php(43): Illuminate\\Container\\BoundMethod::Illuminate\\Container\\{closure}()\n#14 /home/leoripy/cabane/vendor/laravel/framework/src/Illuminate/Container/BoundMethod.php(95): Illuminate\\Container\\Util::unwrapIfClosure(Object(Closure))\n#15 /home/leoripy/cabane/vendor/laravel/framework/src/Illuminate/Container/BoundMethod.php(35): Illuminate\\Container\\BoundMethod::callBoundMethod(Object(Illuminate\\Foundation\\Application), Array, Object(Closure))\n#16 /home/leoripy/cabane/vendor/laravel/framework/src/Illuminate/Container/Container.php(690): Illuminate\\Container\\BoundMethod::call(Object(Illuminate\\Foundation\\Application), Array, Array, NULL)\n#17 /home/leoripy/cabane/vendor/laravel/framework/src/Illuminate/Bus/Dispatcher.php(128): Illuminate\\Container\\Container->call(Array)\n#18 /home/leoripy/cabane/vendor/laravel/framework/src/Illuminate/Pipeline/Pipeline.php(144): Illuminate\\Bus\\Dispatcher->Illuminate\\Bus\\{closure}(Object(Illuminate\\Mail\\SendQueuedMailable))\n#19 /home/leoripy/cabane/vendor/laravel/framework/src/Illuminate/Pipeline/Pipeline.php(119): Illuminate\\Pipeline\\Pipeline->Illuminate\\Pipeline\\{closure}(Object(Illuminate\\Mail\\SendQueuedMailable))\n#20 /home/leoripy/cabane/vendor/laravel/framework/src/Illuminate/Bus/Dispatcher.php(132): Illuminate\\Pipeline\\Pipeline->then(Object(Closure))\n#21 /home/leoripy/cabane/vendor/laravel/framework/src/Illuminate/Queue/CallQueuedHandler.php(124): Illuminate\\Bus\\Dispatcher->dispatchNow(Object(Illuminate\\Mail\\SendQueuedMailable), false)\n#22 /home/leoripy/cabane/vendor/laravel/framework/src/Illuminate/Pipeline/Pipeline.php(144): Illuminate\\Queue\\CallQueuedHandler->Illuminate\\Queue\\{closure}(Object(Illuminate\\Mail\\SendQueuedMailable))\n#23 /home/leoripy/cabane/vendor/laravel/framework/src/Illuminate/Pipeline/Pipeline.php(119): Illuminate\\Pipeline\\Pipeline->Illuminate\\Pipeline\\{closure}(Object(Illuminate\\Mail\\SendQueuedMailable))\n#24 /home/leoripy/cabane/vendor/laravel/framework/src/Illuminate/Queue/CallQueuedHandler.php(123): Illuminate\\Pipeline\\Pipeline->then(Object(Closure))\n#25 /home/leoripy/cabane/vendor/laravel/framework/src/Illuminate/Queue/CallQueuedHandler.php(71): Illuminate\\Queue\\CallQueuedHandler->dispatchThroughMiddleware(Object(Illuminate\\Queue\\Jobs\\DatabaseJob), Object(Illuminate\\Mail\\SendQueuedMailable))\n#26 /home/leoripy/cabane/vendor/laravel/framework/src/Illuminate/Queue/Jobs/Job.php(102): Illuminate\\Queue\\CallQueuedHandler->call(Object(Illuminate\\Queue\\Jobs\\DatabaseJob), Array)\n#27 /home/leoripy/cabane/vendor/laravel/framework/src/Illuminate/Queue/Worker.php(440): Illuminate\\Queue\\Jobs\\Job->fire()\n#28 /home/leoripy/cabane/vendor/laravel/framework/src/Illuminate/Queue/Worker.php(390): Illuminate\\Queue\\Worker->process(\'database\', Object(Illuminate\\Queue\\Jobs\\DatabaseJob), Object(Illuminate\\Queue\\WorkerOptions))\n#29 /home/leoripy/cabane/vendor/laravel/framework/src/Illuminate/Queue/Worker.php(334): Illuminate\\Queue\\Worker->runJob(Object(Illuminate\\Queue\\Jobs\\DatabaseJob), \'database\', Object(Illuminate\\Queue\\WorkerOptions))\n#30 /home/leoripy/cabane/vendor/laravel/framework/src/Illuminate/Queue/Console/WorkCommand.php(148): Illuminate\\Queue\\Worker->runNextJob(\'database\', \'default\', Object(Illuminate\\Queue\\WorkerOptions))\n#31 /home/leoripy/cabane/vendor/laravel/framework/src/Illuminate/Queue/Console/WorkCommand.php(131): Illuminate\\Queue\\Console\\WorkCommand->runWorker(\'database\', \'default\')\n#32 /home/leoripy/cabane/vendor/laravel/framework/src/Illuminate/Container/BoundMethod.php(36): Illuminate\\Queue\\Console\\WorkCommand->handle()\n#33 /home/leoripy/cabane/vendor/laravel/framework/src/Illuminate/Container/Util.php(43): Illuminate\\Container\\BoundMethod::Illuminate\\Container\\{closure}()\n#34 /home/leoripy/cabane/vendor/laravel/framework/src/Illuminate/Container/BoundMethod.php(95): Illuminate\\Container\\Util::unwrapIfClosure(Object(Closure))\n#35 /home/leoripy/cabane/vendor/laravel/framework/src/Illuminate/Container/BoundMethod.php(35): Illuminate\\Container\\BoundMethod::callBoundMethod(Object(Illuminate\\Foundation\\Application), Array, Object(Closure))\n#36 /home/leoripy/cabane/vendor/laravel/framework/src/Illuminate/Container/Container.php(690): Illuminate\\Container\\BoundMethod::call(Object(Illuminate\\Foundation\\Application), Array, Array, NULL)\n#37 /home/leoripy/cabane/vendor/laravel/framework/src/Illuminate/Console/Command.php(213): Illuminate\\Container\\Container->call(Array)\n#38 /home/leoripy/cabane/vendor/symfony/console/Command/Command.php(279): Illuminate\\Console\\Command->execute(Object(Symfony\\Component\\Console\\Input\\ArgvInput), Object(Illuminate\\Console\\OutputStyle))\n#39 /home/leoripy/cabane/vendor/laravel/framework/src/Illuminate/Console/Command.php(182): Symfony\\Component\\Console\\Command\\Command->run(Object(Symfony\\Component\\Console\\Input\\ArgvInput), Object(Illuminate\\Console\\OutputStyle))\n#40 /home/leoripy/cabane/vendor/symfony/console/Application.php(1047): Illuminate\\Console\\Command->run(Object(Symfony\\Component\\Console\\Input\\ArgvInput), Object(Symfony\\Component\\Console\\Output\\ConsoleOutput))\n#41 /home/leoripy/cabane/vendor/symfony/console/Application.php(316): Symfony\\Component\\Console\\Application->doRunCommand(Object(Illuminate\\Queue\\Console\\WorkCommand), Object(Symfony\\Component\\Console\\Input\\ArgvInput), Object(Symfony\\Component\\Console\\Output\\ConsoleOutput))\n#42 /home/leoripy/cabane/vendor/symfony/console/Application.php(167): Symfony\\Component\\Console\\Application->doRun(Object(Symfony\\Component\\Console\\Input\\ArgvInput), Object(Symfony\\Component\\Console\\Output\\ConsoleOutput))\n#43 /home/leoripy/cabane/vendor/laravel/framework/src/Illuminate/Foundation/Console/Kernel.php(197): Symfony\\Component\\Console\\Application->run(Object(Symfony\\Component\\Console\\Input\\ArgvInput), Object(Symfony\\Component\\Console\\Output\\ConsoleOutput))\n#44 /home/leoripy/cabane/vendor/laravel/framework/src/Illuminate/Foundation/Application.php(1205): Illuminate\\Foundation\\Console\\Kernel->handle(Object(Symfony\\Component\\Console\\Input\\ArgvInput), Object(Symfony\\Component\\Console\\Output\\ConsoleOutput))\n#45 /home/leoripy/cabane/artisan(13): Illuminate\\Foundation\\Application->handleCommand(Object(Symfony\\Component\\Console\\Input\\ArgvInput))\n#46 {main}', '2024-11-25 22:38:44'),
(12, '51565ee0-7876-429c-8ef9-1aeb2b154db9', 'database', 'default', '{\"uuid\":\"51565ee0-7876-429c-8ef9-1aeb2b154db9\",\"displayName\":\"App\\\\Mail\\\\ContactAutoResponseMail\",\"job\":\"Illuminate\\\\Queue\\\\CallQueuedHandler@call\",\"maxTries\":null,\"maxExceptions\":null,\"failOnTimeout\":false,\"backoff\":null,\"timeout\":null,\"retryUntil\":null,\"data\":{\"commandName\":\"Illuminate\\\\Mail\\\\SendQueuedMailable\",\"command\":\"O:34:\\\"Illuminate\\\\Mail\\\\SendQueuedMailable\\\":15:{s:8:\\\"mailable\\\";O:32:\\\"App\\\\Mail\\\\ContactAutoResponseMail\\\":6:{s:4:\\\"name\\\";s:6:\\\"qsdw<x\\\";s:10:\\\"adminEmail\\\";s:20:\\\"leo.ripert@gmail.com\\\";s:14:\\\"adminPhoneHref\\\";s:10:\\\"0615166490\\\";s:10:\\\"adminPhone\\\";s:18:\\\"06 15 16 64 90\\\";s:2:\\\"to\\\";a:1:{i:0;a:2:{s:4:\\\"name\\\";N;s:7:\\\"address\\\";s:15:\\\"lsqdf@gmail.com\\\";}}s:6:\\\"mailer\\\";s:4:\\\"smtp\\\";}s:5:\\\"tries\\\";N;s:7:\\\"timeout\\\";N;s:13:\\\"maxExceptions\\\";N;s:17:\\\"shouldBeEncrypted\\\";b:0;s:10:\\\"connection\\\";N;s:5:\\\"queue\\\";N;s:5:\\\"delay\\\";N;s:11:\\\"afterCommit\\\";N;s:10:\\\"middleware\\\";a:0:{}s:7:\\\"chained\\\";a:0:{}s:15:\\\"chainConnection\\\";N;s:10:\\\"chainQueue\\\";N;s:19:\\\"chainCatchCallbacks\\\";N;s:3:\\\"job\\\";N;}\"}}', 'Symfony\\Component\\Mailer\\Exception\\TransportException: Connection could not be established with host \"smtp.gmail.com:587\": stream_socket_client(): Unable to connect to smtp.gmail.com:587 (Connection refused) in /home/leoripy/cabane/vendor/symfony/mailer/Transport/Smtp/Stream/SocketStream.php:154\nStack trace:\n#0 [internal function]: Symfony\\Component\\Mailer\\Transport\\Smtp\\Stream\\SocketStream->Symfony\\Component\\Mailer\\Transport\\Smtp\\Stream\\{closure}(2, \'stream_socket_c...\', \'/home/leoripy/c...\', 157)\n#1 /home/leoripy/cabane/vendor/symfony/mailer/Transport/Smtp/Stream/SocketStream.php(157): stream_socket_client(\'smtp.gmail.com:...\', 0, \'\', 60.0, 4, Resource id #966)\n#2 /home/leoripy/cabane/vendor/symfony/mailer/Transport/Smtp/SmtpTransport.php(270): Symfony\\Component\\Mailer\\Transport\\Smtp\\Stream\\SocketStream->initialize()\n#3 /home/leoripy/cabane/vendor/symfony/mailer/Transport/Smtp/SmtpTransport.php(209): Symfony\\Component\\Mailer\\Transport\\Smtp\\SmtpTransport->start()\n#4 /home/leoripy/cabane/vendor/symfony/mailer/Transport/AbstractTransport.php(69): Symfony\\Component\\Mailer\\Transport\\Smtp\\SmtpTransport->doSend(Object(Symfony\\Component\\Mailer\\SentMessage))\n#5 /home/leoripy/cabane/vendor/symfony/mailer/Transport/Smtp/SmtpTransport.php(137): Symfony\\Component\\Mailer\\Transport\\AbstractTransport->send(Object(Symfony\\Component\\Mime\\Email), Object(Symfony\\Component\\Mailer\\DelayedEnvelope))\n#6 /home/leoripy/cabane/vendor/laravel/framework/src/Illuminate/Mail/Mailer.php(585): Symfony\\Component\\Mailer\\Transport\\Smtp\\SmtpTransport->send(Object(Symfony\\Component\\Mime\\Email), Object(Symfony\\Component\\Mailer\\DelayedEnvelope))\n#7 /home/leoripy/cabane/vendor/laravel/framework/src/Illuminate/Mail/Mailer.php(332): Illuminate\\Mail\\Mailer->sendSymfonyMessage(Object(Symfony\\Component\\Mime\\Email))\n#8 /home/leoripy/cabane/vendor/laravel/framework/src/Illuminate/Mail/Mailable.php(205): Illuminate\\Mail\\Mailer->send(\'emails.contactA...\', Array, Object(Closure))\n#9 /home/leoripy/cabane/vendor/laravel/framework/src/Illuminate/Support/Traits/Localizable.php(19): Illuminate\\Mail\\Mailable->Illuminate\\Mail\\{closure}()\n#10 /home/leoripy/cabane/vendor/laravel/framework/src/Illuminate/Mail/Mailable.php(198): Illuminate\\Mail\\Mailable->withLocale(NULL, Object(Closure))\n#11 /home/leoripy/cabane/vendor/laravel/framework/src/Illuminate/Mail/SendQueuedMailable.php(83): Illuminate\\Mail\\Mailable->send(Object(Illuminate\\Mail\\MailManager))\n#12 /home/leoripy/cabane/vendor/laravel/framework/src/Illuminate/Container/BoundMethod.php(36): Illuminate\\Mail\\SendQueuedMailable->handle(Object(Illuminate\\Mail\\MailManager))\n#13 /home/leoripy/cabane/vendor/laravel/framework/src/Illuminate/Container/Util.php(43): Illuminate\\Container\\BoundMethod::Illuminate\\Container\\{closure}()\n#14 /home/leoripy/cabane/vendor/laravel/framework/src/Illuminate/Container/BoundMethod.php(95): Illuminate\\Container\\Util::unwrapIfClosure(Object(Closure))\n#15 /home/leoripy/cabane/vendor/laravel/framework/src/Illuminate/Container/BoundMethod.php(35): Illuminate\\Container\\BoundMethod::callBoundMethod(Object(Illuminate\\Foundation\\Application), Array, Object(Closure))\n#16 /home/leoripy/cabane/vendor/laravel/framework/src/Illuminate/Container/Container.php(690): Illuminate\\Container\\BoundMethod::call(Object(Illuminate\\Foundation\\Application), Array, Array, NULL)\n#17 /home/leoripy/cabane/vendor/laravel/framework/src/Illuminate/Bus/Dispatcher.php(128): Illuminate\\Container\\Container->call(Array)\n#18 /home/leoripy/cabane/vendor/laravel/framework/src/Illuminate/Pipeline/Pipeline.php(144): Illuminate\\Bus\\Dispatcher->Illuminate\\Bus\\{closure}(Object(Illuminate\\Mail\\SendQueuedMailable))\n#19 /home/leoripy/cabane/vendor/laravel/framework/src/Illuminate/Pipeline/Pipeline.php(119): Illuminate\\Pipeline\\Pipeline->Illuminate\\Pipeline\\{closure}(Object(Illuminate\\Mail\\SendQueuedMailable))\n#20 /home/leoripy/cabane/vendor/laravel/framework/src/Illuminate/Bus/Dispatcher.php(132): Illuminate\\Pipeline\\Pipeline->then(Object(Closure))\n#21 /home/leoripy/cabane/vendor/laravel/framework/src/Illuminate/Queue/CallQueuedHandler.php(124): Illuminate\\Bus\\Dispatcher->dispatchNow(Object(Illuminate\\Mail\\SendQueuedMailable), false)\n#22 /home/leoripy/cabane/vendor/laravel/framework/src/Illuminate/Pipeline/Pipeline.php(144): Illuminate\\Queue\\CallQueuedHandler->Illuminate\\Queue\\{closure}(Object(Illuminate\\Mail\\SendQueuedMailable))\n#23 /home/leoripy/cabane/vendor/laravel/framework/src/Illuminate/Pipeline/Pipeline.php(119): Illuminate\\Pipeline\\Pipeline->Illuminate\\Pipeline\\{closure}(Object(Illuminate\\Mail\\SendQueuedMailable))\n#24 /home/leoripy/cabane/vendor/laravel/framework/src/Illuminate/Queue/CallQueuedHandler.php(123): Illuminate\\Pipeline\\Pipeline->then(Object(Closure))\n#25 /home/leoripy/cabane/vendor/laravel/framework/src/Illuminate/Queue/CallQueuedHandler.php(71): Illuminate\\Queue\\CallQueuedHandler->dispatchThroughMiddleware(Object(Illuminate\\Queue\\Jobs\\DatabaseJob), Object(Illuminate\\Mail\\SendQueuedMailable))\n#26 /home/leoripy/cabane/vendor/laravel/framework/src/Illuminate/Queue/Jobs/Job.php(102): Illuminate\\Queue\\CallQueuedHandler->call(Object(Illuminate\\Queue\\Jobs\\DatabaseJob), Array)\n#27 /home/leoripy/cabane/vendor/laravel/framework/src/Illuminate/Queue/Worker.php(440): Illuminate\\Queue\\Jobs\\Job->fire()\n#28 /home/leoripy/cabane/vendor/laravel/framework/src/Illuminate/Queue/Worker.php(390): Illuminate\\Queue\\Worker->process(\'database\', Object(Illuminate\\Queue\\Jobs\\DatabaseJob), Object(Illuminate\\Queue\\WorkerOptions))\n#29 /home/leoripy/cabane/vendor/laravel/framework/src/Illuminate/Queue/Worker.php(334): Illuminate\\Queue\\Worker->runJob(Object(Illuminate\\Queue\\Jobs\\DatabaseJob), \'database\', Object(Illuminate\\Queue\\WorkerOptions))\n#30 /home/leoripy/cabane/vendor/laravel/framework/src/Illuminate/Queue/Console/WorkCommand.php(148): Illuminate\\Queue\\Worker->runNextJob(\'database\', \'default\', Object(Illuminate\\Queue\\WorkerOptions))\n#31 /home/leoripy/cabane/vendor/laravel/framework/src/Illuminate/Queue/Console/WorkCommand.php(131): Illuminate\\Queue\\Console\\WorkCommand->runWorker(\'database\', \'default\')\n#32 /home/leoripy/cabane/vendor/laravel/framework/src/Illuminate/Container/BoundMethod.php(36): Illuminate\\Queue\\Console\\WorkCommand->handle()\n#33 /home/leoripy/cabane/vendor/laravel/framework/src/Illuminate/Container/Util.php(43): Illuminate\\Container\\BoundMethod::Illuminate\\Container\\{closure}()\n#34 /home/leoripy/cabane/vendor/laravel/framework/src/Illuminate/Container/BoundMethod.php(95): Illuminate\\Container\\Util::unwrapIfClosure(Object(Closure))\n#35 /home/leoripy/cabane/vendor/laravel/framework/src/Illuminate/Container/BoundMethod.php(35): Illuminate\\Container\\BoundMethod::callBoundMethod(Object(Illuminate\\Foundation\\Application), Array, Object(Closure))\n#36 /home/leoripy/cabane/vendor/laravel/framework/src/Illuminate/Container/Container.php(690): Illuminate\\Container\\BoundMethod::call(Object(Illuminate\\Foundation\\Application), Array, Array, NULL)\n#37 /home/leoripy/cabane/vendor/laravel/framework/src/Illuminate/Console/Command.php(213): Illuminate\\Container\\Container->call(Array)\n#38 /home/leoripy/cabane/vendor/symfony/console/Command/Command.php(279): Illuminate\\Console\\Command->execute(Object(Symfony\\Component\\Console\\Input\\ArgvInput), Object(Illuminate\\Console\\OutputStyle))\n#39 /home/leoripy/cabane/vendor/laravel/framework/src/Illuminate/Console/Command.php(182): Symfony\\Component\\Console\\Command\\Command->run(Object(Symfony\\Component\\Console\\Input\\ArgvInput), Object(Illuminate\\Console\\OutputStyle))\n#40 /home/leoripy/cabane/vendor/symfony/console/Application.php(1047): Illuminate\\Console\\Command->run(Object(Symfony\\Component\\Console\\Input\\ArgvInput), Object(Symfony\\Component\\Console\\Output\\ConsoleOutput))\n#41 /home/leoripy/cabane/vendor/symfony/console/Application.php(316): Symfony\\Component\\Console\\Application->doRunCommand(Object(Illuminate\\Queue\\Console\\WorkCommand), Object(Symfony\\Component\\Console\\Input\\ArgvInput), Object(Symfony\\Component\\Console\\Output\\ConsoleOutput))\n#42 /home/leoripy/cabane/vendor/symfony/console/Application.php(167): Symfony\\Component\\Console\\Application->doRun(Object(Symfony\\Component\\Console\\Input\\ArgvInput), Object(Symfony\\Component\\Console\\Output\\ConsoleOutput))\n#43 /home/leoripy/cabane/vendor/laravel/framework/src/Illuminate/Foundation/Console/Kernel.php(197): Symfony\\Component\\Console\\Application->run(Object(Symfony\\Component\\Console\\Input\\ArgvInput), Object(Symfony\\Component\\Console\\Output\\ConsoleOutput))\n#44 /home/leoripy/cabane/vendor/laravel/framework/src/Illuminate/Foundation/Application.php(1205): Illuminate\\Foundation\\Console\\Kernel->handle(Object(Symfony\\Component\\Console\\Input\\ArgvInput), Object(Symfony\\Component\\Console\\Output\\ConsoleOutput))\n#45 /home/leoripy/cabane/artisan(13): Illuminate\\Foundation\\Application->handleCommand(Object(Symfony\\Component\\Console\\Input\\ArgvInput))\n#46 {main}', '2024-11-25 22:38:44');

-- --------------------------------------------------------

--
-- Table structure for table `jobs`
--

CREATE TABLE `jobs` (
  `id` bigint UNSIGNED NOT NULL,
  `queue` varchar(255) COLLATE utf8mb4_unicode_ci NOT NULL,
  `payload` longtext COLLATE utf8mb4_unicode_ci NOT NULL,
  `attempts` tinyint UNSIGNED NOT NULL,
  `reserved_at` int UNSIGNED DEFAULT NULL,
  `available_at` int UNSIGNED NOT NULL,
  `created_at` int UNSIGNED NOT NULL
) ENGINE=InnoDB DEFAULT CHARSET=utf8mb4 COLLATE=utf8mb4_unicode_ci;

-- --------------------------------------------------------

--
-- Table structure for table `job_batches`
--

CREATE TABLE `job_batches` (
  `id` varchar(255) COLLATE utf8mb4_unicode_ci NOT NULL,
  `name` varchar(255) COLLATE utf8mb4_unicode_ci NOT NULL,
  `total_jobs` int NOT NULL,
  `pending_jobs` int NOT NULL,
  `failed_jobs` int NOT NULL,
  `failed_job_ids` longtext COLLATE utf8mb4_unicode_ci NOT NULL,
  `options` mediumtext COLLATE utf8mb4_unicode_ci,
  `cancelled_at` int DEFAULT NULL,
  `created_at` int NOT NULL,
  `finished_at` int DEFAULT NULL
) ENGINE=InnoDB DEFAULT CHARSET=utf8mb4 COLLATE=utf8mb4_unicode_ci;

-- --------------------------------------------------------

--
-- Table structure for table `migrations`
--

CREATE TABLE `migrations` (
  `id` int UNSIGNED NOT NULL,
  `migration` varchar(255) COLLATE utf8mb4_unicode_ci NOT NULL,
  `batch` int NOT NULL
) ENGINE=InnoDB DEFAULT CHARSET=utf8mb4 COLLATE=utf8mb4_unicode_ci;

--
-- Dumping data for table `migrations`
--

INSERT INTO `migrations` (`id`, `migration`, `batch`) VALUES
(1, '0001_01_01_000000_create_users_table', 1),
(2, '0001_01_01_000001_create_cache_table', 1),
(3, '0001_01_01_000002_create_jobs_table', 1),
(4, '2024_09_10_081213_add_role_to_users_table', 1),
(5, '2024_09_11_112918_add_phone_to_users_table', 1),
(6, '2024_09_11_121950_modify_phone_nullable_in_users_table', 1),
(7, '2024_09_11_123846_add_profile_photo_to_users_table', 1),
(8, '2024_09_11_131308_rename_photo_to_picture_in_users_table', 1),
(9, '2024_09_16_132829_add_deleted_at_to_users', 1),
(10, '2024_09_16_155718_create_reservations_table', 1),
(11, '2024_09_17_101139_add_nights_to_reservations_table', 1),
(12, '2024_09_24_092701_add_second_person', 1),
(13, '2024_09_24_095827_create_options_table', 1),
(14, '2024_09_24_095910_create_option_reservation_table', 1),
(15, '2024_09_24_103816_add_preselected_to_options_table', 1),
(16, '2024_09_24_110205_make_price_nullable_in_options_table', 1),
(17, '2024_09_26_165205_create_prices_table', 1),
(18, '2024_09_27_103846_add_res_price_to_reservations_table', 1),
(19, '2024_09_27_115526_add_by_day_and_by_day_preselected_to_options_table', 1),
(20, '2024_09_27_162347_modify_foreign_key_on_option_reservation', 1),
(21, '2024_10_04_143639_add_res_comment', 1),
(22, '2024_10_04_152424_update_res_comment_length_in_reservations_table', 1),
(23, '2024_10_05_222545_modify_res_comment_nullable_in_reservations_table', 2),
(24, '2024_10_07_122943_add_by_day_display_to_options_table', 3),
(25, '2024_10_07_123559_update_by_day_display_default_value_on_options_table', 4),
(26, '2024_10_07_205814_add_last_login_to_users_table', 5),
(27, '2024_10_07_232216_add_by_day_to_option_reservation_table', 6),
(28, '2024_10_07_233527_remove_by_day_from_option_reservation_table', 7),
(29, '2024_10_07_234821_remove_by_day_from_option_reservation_table2', 8),
(30, '2024_10_08_090745_add_by_day_to_option_reservation_table', 9),
(32, '2024_10_21_105942_add_default_value_to_name_in_users_table', 10),
(33, '2024_10_22_150554_make_name_nullable_in_users_table', 11),
(34, '2024_10_24_153821_create_admin_comments_table', 11),
(35, '2024_10_30_123814_update_user_id_foreign_in_reservations_table', 12),
(37, '2024_11_07_175743_add_google_id_to_users_table', 13),
(38, '2024_11_07_180152_modify_user_id_foreign_in_reservations_table', 13),
(39, '2024_11_12_174627_insert_percent_reduction_into_prices_table', 14),
(40, '2024_11_13_092448_create_special_dates_prices_table', 15),
(41, '2024_12_01_121754_add_payed_to_reservations_table', 16),
(42, '2024_12_01_133026_add_card_fees_to_reservations_table', 16),
(43, '2024_12_03_111213_add_res_payed_to_reservations_table', 16);

-- --------------------------------------------------------

--
-- Table structure for table `options`
--

CREATE TABLE `options` (
  `id` bigint UNSIGNED NOT NULL,
  `name` varchar(255) COLLATE utf8mb4_unicode_ci NOT NULL,
  `description` text COLLATE utf8mb4_unicode_ci NOT NULL,
  `price` decimal(8,2) DEFAULT NULL,
  `available` tinyint(1) NOT NULL DEFAULT '1',
  `created_at` timestamp NULL DEFAULT NULL,
  `updated_at` timestamp NULL DEFAULT NULL,
  `preselected` tinyint(1) NOT NULL DEFAULT '0',
  `by_day_display` tinyint(1) NOT NULL DEFAULT '1',
  `by_day` tinyint(1) NOT NULL DEFAULT '0',
  `by_day_preselected` tinyint(1) NOT NULL DEFAULT '0'
) ENGINE=InnoDB DEFAULT CHARSET=utf8mb4 COLLATE=utf8mb4_unicode_ci;

--
-- Dumping data for table `options`
--

INSERT INTO `options` (`id`, `name`, `description`, `price`, `available`, `created_at`, `updated_at`, `preselected`, `by_day_display`, `by_day`, `by_day_preselected`) VALUES
(1, 'jacuzzi', 'Rien de tel que d\'apprécier la vue en étant au chaud dans le jacuzzi, prévu pour deux personnes.', 0.00, 1, '2024-10-13 22:52:11', '2024-11-17 19:52:55', 1, 0, 0, 0),
(2, 'Minibar', 'Un minibar contenant un petit réfrigérateur pour vos envies et votre confort.\nLes prix sont affichés pour chaque produit pour un maximum de transparence !', NULL, 1, '2024-10-13 22:53:24', '2024-11-19 16:58:07', 1, 0, 0, 0),
(3, 'Café, thé, tisanes', 'Ces boissons sont à votre dispositions dans la cabane, pour apprécier au mieux votre séjour.', 0.00, 1, '2024-10-13 22:54:40', '2024-10-30 20:50:30', 1, 0, 0, 0),
(4, 'Petit-déjeuner', 'Un service complet pour deux personnes.', 14.00, 1, '2024-10-13 22:55:21', '2024-10-29 12:16:58', 0, 1, 0, 1),
(5, 'Plateau dégustation - Fromages', 'Une séléction de fromages régionnaux pour votre plus grand plaisir.\nPréparez vos papilles !', 14.50, 1, '2024-10-13 22:56:39', '2024-10-13 22:58:19', 0, 1, 0, 0),
(8, '1 cent option', '1 cent option', 0.01, 1, '2024-12-16 10:45:25', '2024-12-16 10:45:25', 0, 1, 0, 0);

-- --------------------------------------------------------

--
-- Table structure for table `option_reservation`
--

CREATE TABLE `option_reservation` (
  `id` bigint UNSIGNED NOT NULL,
  `reservation_id` bigint UNSIGNED NOT NULL,
  `option_id` bigint UNSIGNED NOT NULL,
  `created_at` timestamp NULL DEFAULT NULL,
  `updated_at` timestamp NULL DEFAULT NULL,
  `by_day` tinyint(1) NOT NULL DEFAULT '0'
) ENGINE=InnoDB DEFAULT CHARSET=utf8mb4 COLLATE=utf8mb4_unicode_ci;

--
-- Dumping data for table `option_reservation`
--

INSERT INTO `option_reservation` (`id`, `reservation_id`, `option_id`, `created_at`, `updated_at`, `by_day`) VALUES
(49, 11, 3, NULL, NULL, 0),
(51, 11, 5, NULL, NULL, 1),
(56, 13, 1, NULL, NULL, 0),
(57, 13, 2, NULL, NULL, 0),
(58, 13, 3, NULL, NULL, 0),
(59, 13, 4, NULL, NULL, 0),
(60, 13, 5, NULL, NULL, 1),
(66, 15, 1, NULL, NULL, 0),
(67, 15, 2, NULL, NULL, 0),
(68, 15, 3, NULL, NULL, 0),
(69, 15, 4, NULL, NULL, 1),
(75, 17, 1, NULL, NULL, 0),
(76, 17, 2, NULL, NULL, 0),
(77, 17, 3, NULL, NULL, 0),
(78, 17, 4, NULL, NULL, 0),
(79, 17, 5, NULL, NULL, 1),
(93, 21, 1, NULL, NULL, 0),
(94, 21, 2, NULL, NULL, 0),
(95, 21, 3, NULL, NULL, 0),
(96, 21, 5, NULL, NULL, 0),
(98, 22, 3, NULL, NULL, 0),
(101, 22, 1, NULL, NULL, 0),
(102, 23, 1, NULL, NULL, 0),
(103, 23, 2, NULL, NULL, 0),
(104, 23, 3, NULL, NULL, 0),
(105, 23, 4, NULL, NULL, 1),
(106, 23, 5, NULL, NULL, 0),
(107, 22, 4, NULL, NULL, 1),
(108, 24, 1, NULL, NULL, 0),
(109, 24, 2, NULL, NULL, 0),
(110, 24, 3, NULL, NULL, 0),
(111, 24, 5, NULL, NULL, 0),
(112, 25, 1, NULL, NULL, 0),
(113, 25, 2, NULL, NULL, 0),
(114, 25, 3, NULL, NULL, 0),
(116, 26, 1, NULL, NULL, 0),
(117, 26, 2, NULL, NULL, 0),
(118, 26, 3, NULL, NULL, 0),
(120, 27, 1, NULL, NULL, 0),
(121, 27, 2, NULL, NULL, 0),
(122, 27, 3, NULL, NULL, 0),
(123, 28, 1, NULL, NULL, 0),
(124, 28, 2, NULL, NULL, 0),
(130, 30, 1, NULL, NULL, 0),
(131, 30, 2, NULL, NULL, 0),
(132, 30, 3, NULL, NULL, 0),
(133, 31, 1, NULL, NULL, 0),
(134, 31, 2, NULL, NULL, 0),
(135, 31, 3, NULL, NULL, 0),
(136, 31, 8, NULL, NULL, 0),
(137, 32, 1, NULL, NULL, 0),
(138, 32, 2, NULL, NULL, 0),
(139, 32, 3, NULL, NULL, 0),
(140, 32, 5, NULL, NULL, 1),
(141, 32, 8, NULL, NULL, 0);

-- --------------------------------------------------------

--
-- Table structure for table `password_reset_tokens`
--

CREATE TABLE `password_reset_tokens` (
  `email` varchar(255) COLLATE utf8mb4_unicode_ci NOT NULL,
  `token` varchar(255) COLLATE utf8mb4_unicode_ci NOT NULL,
  `created_at` timestamp NULL DEFAULT NULL
) ENGINE=InnoDB DEFAULT CHARSET=utf8mb4 COLLATE=utf8mb4_unicode_ci;

-- --------------------------------------------------------

--
-- Table structure for table `prices`
--

CREATE TABLE `prices` (
  `id` bigint UNSIGNED NOT NULL,
  `key` varchar(255) COLLATE utf8mb4_unicode_ci NOT NULL,
  `value` int NOT NULL,
  `created_at` timestamp NULL DEFAULT NULL,
  `updated_at` timestamp NULL DEFAULT NULL
) ENGINE=InnoDB DEFAULT CHARSET=utf8mb4 COLLATE=utf8mb4_unicode_ci;

--
-- Dumping data for table `prices`
--

INSERT INTO `prices` (`id`, `key`, `value`, `created_at`, `updated_at`) VALUES
(1, 'price_per_night', 160, NULL, NULL),
(2, 'price_per_night_for_2_and_more_nights', 120, NULL, NULL),
(3, 'percent_reduced_week', 10, '2024-11-12 18:16:52', '2024-11-12 18:16:52');

-- --------------------------------------------------------

--
-- Table structure for table `reservations`
--

CREATE TABLE `reservations` (
  `id` bigint UNSIGNED NOT NULL,
  `start_date` date NOT NULL,
  `end_date` date NOT NULL,
  `nights` int NOT NULL,
  `user_id` bigint UNSIGNED DEFAULT NULL,
  `res_price` decimal(8,2) DEFAULT NULL,
  `res_payed` decimal(8,2) NOT NULL DEFAULT '0.00',
  `payed` decimal(11,2) NOT NULL DEFAULT '0.00',
  `card_fees` decimal(11,2) DEFAULT NULL,
  `status` varchar(255) COLLATE utf8mb4_unicode_ci NOT NULL DEFAULT 'pending',
  `created_at` timestamp NULL DEFAULT NULL,
  `updated_at` timestamp NULL DEFAULT NULL,
  `res_comment` varchar(510) COLLATE utf8mb4_unicode_ci DEFAULT NULL
) ENGINE=InnoDB DEFAULT CHARSET=utf8mb4 COLLATE=utf8mb4_unicode_ci;

--
-- Dumping data for table `reservations`
--

INSERT INTO `reservations` (`id`, `start_date`, `end_date`, `nights`, `user_id`, `res_price`, `res_payed`, `payed`, `card_fees`, `status`, `created_at`, `updated_at`, `res_comment`) VALUES
(11, '2024-10-21', '2024-10-23', 2, 1, 269.00, 0.00, 0.00, NULL, 'pending', '2024-10-16 19:58:58', '2024-10-22 22:35:17', 'wxc'),
(13, '2024-10-24', '2024-10-25', 1, 1, 188.50, 0.00, 0.00, NULL, 'pending', '2024-10-22 22:34:46', '2024-10-22 22:36:41', '<wx'),
(15, '2024-11-09', '2024-11-15', 6, 1, 804.00, 0.00, 0.00, NULL, 'pending', '2024-10-29 12:05:14', '2024-11-06 13:51:14', NULL),
(17, '2024-11-15', '2024-11-17', 2, 1, 283.00, 0.00, 0.00, NULL, 'pending', '2024-11-06 13:50:41', '2024-11-06 13:50:41', 'aze'),
(21, '2024-11-17', '2024-11-18', 1, 21, 174.50, 0.00, 0.00, NULL, 'pending', '2024-11-12 16:00:37', '2024-11-12 16:00:37', NULL),
(22, '2024-12-04', '2024-12-07', 3, 21, 378.00, 0.00, 0.00, NULL, 'pending', '2024-11-19 16:55:20', '2024-12-02 13:47:12', 'wxcc'),
(23, '2024-11-28', '2024-11-30', 2, 21, 271.19, 0.00, 0.00, NULL, 'pending', '2024-11-22 16:08:01', '2024-11-22 16:08:01', NULL),
(24, '2024-12-03', '2024-12-04', 1, 21, 158.50, 0.00, 0.00, NULL, 'pending', '2024-12-03 17:27:56', '2024-12-03 17:27:56', NULL),
(25, '2024-12-07', '2024-12-08', 1, 21, 2.00, 2.00, 3.00, 1.00, 'pending', '2024-12-03 17:41:26', '2024-12-03 17:41:26', NULL),
(26, '2024-12-08', '2024-12-10', 2, 2, 108.60, 0.00, 0.00, NULL, 'pending', '2024-12-04 15:24:44', '2024-12-04 15:25:12', NULL),
(27, '2024-12-10', '2024-12-11', 1, 1, 144.00, 0.00, 0.00, NULL, 'pending', '2024-12-05 18:42:56', '2024-12-05 18:42:56', NULL),
(28, '2024-12-11', '2024-12-13', 2, 21, 216.00, 0.00, 0.00, NULL, 'pending', '2024-12-05 18:51:27', '2024-12-05 18:52:02', NULL),
(30, '2024-12-15', '2024-12-16', 1, 1, 1.00, 1.00, 2.00, 1.00, 'pending', '2024-12-14 14:31:17', '2024-12-14 14:31:17', NULL),
(31, '2024-12-17', '2024-12-18', 1, 21, 1.01, 1.01, 2.01, 1.00, 'pending', '2024-12-16 12:56:24', '2024-12-16 12:56:24', NULL),
(32, '2024-12-18', '2024-12-20', 2, 21, 245.01, 0.00, 0.00, NULL, 'pending', '2024-12-16 13:04:05', '2024-12-16 13:04:05', 'wxc');

-- --------------------------------------------------------

--
-- Table structure for table `sessions`
--

CREATE TABLE `sessions` (
  `id` varchar(255) COLLATE utf8mb4_unicode_ci NOT NULL,
  `user_id` bigint UNSIGNED DEFAULT NULL,
  `ip_address` varchar(45) COLLATE utf8mb4_unicode_ci DEFAULT NULL,
  `user_agent` text COLLATE utf8mb4_unicode_ci,
  `payload` longtext COLLATE utf8mb4_unicode_ci NOT NULL,
  `last_activity` int NOT NULL
) ENGINE=InnoDB DEFAULT CHARSET=utf8mb4 COLLATE=utf8mb4_unicode_ci;

--
-- Dumping data for table `sessions`
--

INSERT INTO `sessions` (`id`, `user_id`, `ip_address`, `user_agent`, `payload`, `last_activity`) VALUES
('72RMEllLVBiDVZHAVg5N0LO7jNvVqTLfK7KtRyTb', NULL, '66.249.93.73', 'Mozilla/5.0 (Linux; Android 7.0; SM-G930V Build/NRD90M) AppleWebKit/537.36 (KHTML, like Gecko) Chrome/59.0.3071.125 Mobile Safari/537.36 (compatible; Google-Read-Aloud; +https://support.google.com/webmasters/answer/1061943)', 'ZXlKcGRpSTZJa2hUWlZGTmNXaDFkRVZVYVVRekt6UTNPVmx1T1ZFOVBTSXNJblpoYkhWbElqb2lNVU40UjB4UldVRlhhazFxVTJodVJuWnRWVTlITTBKSGNWZEpRMDFwTjJ0WE1FUmpjR1ZKTkVNNFNsUlRjRFZuVmpaYWFqZGtOR2xZV1VWYWFqaFJPRlpxVm1rNVREQkJabU5GY1RkaVlpdDBiMlZFV0N0WWNYRlpjVGxHTTA0MGVHWmFZVEZGUWtKYWFqQk9WazFRTlZob1RGZHRUbkkyVjNBMGMzTmhOMVpsYWtocFJ5OVRiR0ZDY1hWd2RVMXdWRzRyUTNKUWJuRk5VM0pvUzNGcGFHTlRSSFpXY1RsMlExZHFUR2NyYWxwalNrUTJkbnBZZGpKV1VIYzRURVZMYzFWSVZ5czBOVmxzY0hwdGJEaG1iVFZtVTFWUFRFVjJZemg1VjNZMGJrbDBPVTVTTlZKNEsyeDRlSFZyT1drNWFHNTNZaXROUjFoVE9IWk9jRWM0Ylc5b1dteFhZelZFZUc1UlFYcEdZbHBETUV4amVXYzlQU0lzSW0xaFl5STZJak5pTXpRelpUSTNOakppWVRVd1l6QTVaVGM1WXpRMk5tSmxaVEZpT1RobVpqUmtNemcyTURJeVl6YzVOelJqTXpRd1ltWmtNR1kyTTJVeU1tUmhPVFFpTENKMFlXY2lPaUlpZlE9PQ==', 1734689128),
('dQiWPqYVFUAAiokAd8zouGsIPPRTaEMGtwL3fMDg', NULL, '37.67.74.97', 'Mozilla/5.0 (Windows NT 10.0; Win64; x64) AppleWebKit/537.36 (KHTML, like Gecko) Chrome/131.0.0.0 Safari/537.36', 'ZXlKcGRpSTZJbVJ6VkdrMVJXSmxibEpuWkZaa2RFdEROMlpzTDNjOVBTSXNJblpoYkhWbElqb2lkRzFQY1hSb1ZEQktZWGxTYWtsTmFGaFdkM2w2YW13MFNUQndSSGd5ZFUxUFRtbEJRMk5LY21VNWNqUk9jVlJ0YmpkWWJtbEJMM0Z0TlRGMk4wMHlOMmhQYzJnclZXOTRVMmhVVkdaeldqUkJlakJrVEZZM1RHZDFXR3d2ZW10Uk1FRkRORzk1V1VFeE0wOURVMmhSV1VaU1lsSk5ORE5vYVdKRU9XOTVlakJQV0dOM0t5OWpNVEJrU0hST1RHcExSRVJMWkUxSlMySjJVR3RaT0VodWVWaHdTblprYldkTlZqQklLM2N4THpjelEwd3liRmd5VEhCM1JqaG1iRWxrZFZoVVZrNUVOMlpPY21WT2FHUXdkU3RGY1RCelNDdFFWa1owZDJSNVVubFZSRWwwUzBKMmJUWndNa3RvT1ZobldtNUVXV0UwVW5BNVJuTjVhRFZHT0VoV05YbEZTSGxwZGpSMFJrUjFXSFp4WmxOQ1ZWRTlQU0lzSW0xaFl5STZJbVkxWlRBeFpHWmpNRFJqTldKbFlUQTBNMlV3T1RBMU16TXhaV1U1TjJKbFpUbGpObVZtWlRNMllUYzVPVFppWkRBNU1XSTVNVFE1TXpjMVltUTVZbU1pTENKMFlXY2lPaUlpZlE9PQ==', 1734542766),
('eSjNWluHkwa602Z9V5Xiy5Apv8vaBwXi140lTRua', NULL, '66.249.66.203', 'Mozilla/5.0 (Linux; Android 6.0.1; Nexus 5X Build/MMB29P) AppleWebKit/537.36 (KHTML, like Gecko) Chrome/131.0.6778.139 Mobile Safari/537.36 (compatible; Googlebot/2.1; +http://www.google.com/bot.html)', 'ZXlKcGRpSTZJbHBQZFVWR1VXTjRlV0p3WmxNeFJHazBSRFp0VDNjOVBTSXNJblpoYkhWbElqb2lSREExTVZoeU9UQjNNbXgwVTBSWGJFcGFRU3N2UVVaUFNHUnFTbWh1Y2xwb1ltUnRaMHgwTkhoRlRsaHdSWEpEVEZob2VXUjFiMHRHU0M5Q01XWndja3hVYUVjM01HWXhTa2xCYnpKTldqVXlSbE5rVkhjeWFqTTNaRE13TVhJdlJHVlBiMDFxZUROU2IxZExTa1pLZVhsek1XMXJORzV1TjJabFIyUnpjbTEzYTNGdFFTdEJiSGN4ZFc5YU9GQk9TSEZQWm5kNmFuQlpXR3M1UWtaV2R6VnVkSGhxYlRWWFFtTlBja3RpZHpjd1EwZG1aVkI2V1d0UVlrbG1VazEyTWtWYU1scDRibVJyUjJ4YU1ETnNSalV3SzBKRE1UQTVjRmR6WWxrNWQxb3ZXbFJrTUZCQ1ZYbzRLMGhsUTJaNVlreG1NVnB2ZEVrNVlURlhSUzlGY1d0alQzVm9iVUpsVVhsNVRFNXlUVFJ3WXpsUVlXRXhTakZ0WnpaM1VGaE1kamxHUjNGU1YzQnZXSGxyUVdaRlVreERXWGRzZW1rNU1qZDFORU0xZUhSUmVVVkhibGRGZG5Sc1UxTkxURmhyWkZWNlVGTXpkV1Z5U2xWbWJUUlRORXhGUlM5TVFtUjJhVTlXT1hCWmREUkZkRzAwWW5CdVJXdDRVMWxxYnpKRUlpd2liV0ZqSWpvaVkyTmpaams0TVRka00yVmtPREl3TkdFNU1tVm1OR0poTjJVMk16bGxNV0V4TVRVNE9HSTFaRFF5WW1ZMk1EazBZVFJpWkdaa1lqQmlNVGsyTVROaU9DSXNJblJoWnlJNklpSjk=', 1734685057),
('ewO8tviY2YLGcqS3XiHeNDGB3NTPlLr5VJRwItWP', 21, '37.67.74.97', 'Mozilla/5.0 (Linux; Android 10; K) AppleWebKit/537.36 (KHTML, like Gecko) Chrome/131.0.0.0 Mobile Safari/537.36', 'ZXlKcGRpSTZJbGhEZEV0SGFXVjBOVTlpUkdKcVVXdGtVRGhGVDJjOVBTSXNJblpoYkhWbElqb2lVR3RzYmxOQ2N6WkZiR1ZOZWxNNFEza3Zla0owYnk5emR5OTVVVmxTZWxSRVVub3hla2xFV21kS2VWWmhPRVJDWmxaSGREVklOVkl4ZW5vcmQwWldiRXRaVmpaTVFYcGhNV2REUmpSSFJtaExjM0ZCVjJOMlUxaFJkemRYVWxGWk4ydGlSV3h6ZVVKMlFubDJjVlpoZVdseEwxTjRXR1F4ZUhWUmREVnZiRGRFZGtaTlUxTXJSRFZsWldGcGRGTnpaMUJqTUdScmVVRk5TbEZYTlZaNVRUWXdiMmR5YTJoM2VXbHVRMWc0VG5kM2JrdEJXaXQ0T1RjeVQyVm1TM05oU2t0dlMxUkNhR1IyV0ROblV6TkdkWE5KZERRcmRpOU5ReTlLY0hsNk9FRktkMVF4YVZwV1VWaFFlU3MyYjJSTWRFeFFSbmRTYVV0bGRHUkxXbFpoTkZwRkx6TlJla3RsWVU0NUsxUm9XVTVSU0ZKR2JqUjNReXRoVTJ4Vk5HVXpRbmt5WTFGM2RXdFVNMHB5UzBoc1psQTVhUzlqTjNOV00xSnFhbE5EYkVVNVJXVkpMMjUyVFRCblRIcFhWSGRHU2pkbVIwbzNUbkJ5ZW1vMloxbzRXSGc0UTFZclpFbGlkRkUxTkM5WlJtRnVSRmw1VFZGTGRtMXROV05WZERkVmJWTldSMjFtY1hGWmREaHZhbEJMYlZwdU1Xb3pSV0ZZUlVWSk5YUnBlbmhwWkZjdmFreHNlVFJZWTBwbGFtMTBlWE5VUTFBNFEyUnVXR1pNZURKb1psbFRObFYwWVVWdU5ubFBhVmxxUjNkeFJHMXBUV05sWjNGeVkxQlhjRTg0UzNWVlJHSlBVVUo2YjNGMFNDOTJXV3B1ZFZJemJrZExiRGxuUWpSV1VWQXdaekpRYmtGeVVVeHpLekpTYzNSMmRuSTBWM1YzUFQwaUxDSnRZV01pT2lKbE16WmpPVGRpWVRBeFpHVTFaakEwTkRBMVl6Vm1abVUzWTJaaE1HUmlOemswTVdVeU9UWmxNVGMyTXpjelltVTROakkxTWpBMFlUazNabUZsWm1NeUlpd2lkR0ZuSWpvaUluMD0=', 1734560735),
('pDRUkSPoz00IkYnVzUE5zwAuFi925ARpcasqg7c0', NULL, '66.249.93.75', 'Mozilla/5.0 (Linux; Android 7.0; SM-G930V Build/NRD90M) AppleWebKit/537.36 (KHTML, like Gecko) Chrome/59.0.3071.125 Mobile Safari/537.36 (compatible; Google-Read-Aloud; +https://support.google.com/webmasters/answer/1061943)', 'ZXlKcGRpSTZJbU5LY0hSWWJGSkpWVzFaTDFFeFJqSk5hWHA2WVhjOVBTSXNJblpoYkhWbElqb2lSbGh4VUVGaFowTkNjSEpLWVZwUFFVdzVaV0ZuY25kU1lYQndRa1pJY0VWU05FMDVTak5ETlc5bWJXUkphRzAwYUhsVWFrbDZiV1ZNYTFkSVZFbENhMlEyZG1Wa2RVVnRNVk5CYkhSa1RuRkpOamN2Y0hscFVEQkRTVFo1TWtGRWNDczBUREU0VXpVMlJUSkpkM1l3YmtaQlFYQlBUV2hrT1RSc2VHa3JVVFZ3TmlzNWRVRnNjRmdyZW5NMUt6ZHZlSFJxTUVjM1pqRnNhWFJaUnpCUFRGRnZSV05vVEZsYVJURjVZa05VVVhveVRqTm9NSGh5UWpWdlN6bFZMMEl4VTA1M1pEZDJlWGRFVUc1UlR6Sm1abFprT0hWaGQwcEtPVUpoU2swMmVqTmxLMlZxVnpKelNVUjNXaTl0WVV0V2VURkxSVUpITldwcFdIUjBhM0l6WlZrMk5FRkxZblpYWTJScWREZFlkRXhpVG0xQ2RHcFJVbkkyVTFoWE1HUXhNMDFSWmtOM1VHazBiSGcyUVZvcmFEaGlRMUo2ZUhOalRHdHViREo0TmxCdFZYcEdZWFZoUTFCbE9YSlRLMXAzZVZCWVduRnRhRFpsTDJsNVpVazVhMVpIWmpseFRsUmhiWGd4VUhKTk1FdHFNamxCYldWeVNrRmxOa0l6TlRabUlpd2liV0ZqSWpvaU56TTJOV1ZsTmpJMU5UUTVOekpoWmpWaE5qRXdObUZtWmpjMFltRTROemMwTldSaFptRm1NVEEwTWpVM1pUSTJaREpqTUdFd1lUQTROV0psTkdRd05TSXNJblJoWnlJNklpSjk=', 1734689128),
('qnOMJFhYKSf8ZSC62K46iu4PIdLFMvj539SDTUQQ', NULL, '45.148.10.235', 'Mozilla/5.0 (X11; Linux x86_64) AppleWebKit/537.36 (KHTML, like Gecko) Chrome/73.0.3683.103 Safari/537.36 OPR/60.0.3255.170', 'ZXlKcGRpSTZJbkV3ZERWQ1VrVllaUzlSVFhWM05rUjJVa0ZqZDNjOVBTSXNJblpoYkhWbElqb2lNRWhFYzBaM09EQmFRemRVUTJaeFoxcE1hSG8wUlhoMVRYUTBkVXBYT0RGcVJWaEhRbWh3U2pjdk5IZHVWV1kxWTJreVdrOUZiMEpWU205RmEzUTNXRTF2Y1VkM2VGcDBOVkYyTDBsM1lVeFlRMGRzVTFOM2VIQndMMU54VmtWQk0wZDBZWEpzVm5Fek9ERkVZWGg1V2xSdFYxQklSemh3TWtkYWVYRTVibUpOWjNVMVptRjBUMnREWTNadFVrMXdaR3hDZVVWUVNWQllXREpMVVRsRFVDdHFXRzlCYm14YVEwRm9ZVXB1VVdGWWVWbFhOV2RLUkZwUlpua3dWbkFyVWpCRk5tOTZabXB2ZHpKSE0wSXlWek5WYW5KbmIyZGthMnQyVFRKVWNHRnlUWHBNTUVGNWJVeGplaTlvU0hCclFXcEVVUzk1Y0RWUlYyaGxVVWxsWlhGS2IzSjRjbTFYUlVoeFpXNUNWVEpZVVhBNE9GRTlQU0lzSW0xaFl5STZJbUl5TmpjeU0yVXdPREJrWVdJek0yRTNNREUyWVRKbFltSTVaREJrWkdKaE5HVTBOalV6TXpnd05tTXlNakUzWlRRMU16RmlOREU1WXpCa1pqaGxNellpTENKMFlXY2lPaUlpZlE9PQ==', 1734583792),
('Qt432PAWfSs6S4iph3cSjItRsN8E5nSCXC98f12T', NULL, '66.249.83.10', 'Mozilla/5.0 (Linux; Android 7.0; SM-G930V Build/NRD90M) AppleWebKit/537.36 (KHTML, like Gecko) Chrome/59.0.3071.125 Mobile Safari/537.36 (compatible; Google-Read-Aloud; +https://support.google.com/webmasters/answer/1061943)', 'ZXlKcGRpSTZJazVNUWxvd04zWklZVVU1ZGpkQlZHMVVObkZpUVdjOVBTSXNJblpoYkhWbElqb2liVkJWVENzd1pIYzRRVUpFTm1wa2RqTmxRazg0YlZKNlZqZERlaXRYU1RkaVFVaGFNbTR6YTJSVlJtOVBaV1ZpYlZoRlYwTlFUbTB5YVhSbGRYRXJOMlpZU25rdmEzTTRjVVZsWWt3d1YxWnFXVGRhZGtJMk16ZHNXQzg0T0hGYVFreFhVVmxJU1ZGUFVWaE1WSEpYYUVOVFlscHhRbEJuVGsxU1RYQkVUVFpYZDB4NE5VWjNOV05QTkVsaFdrdGtWMmxWVDFSSmNXdFlPVzAxUm1wM1kyc3lUV2xJV2xCTVJubFRNRXRvYjNOQ2VtUlNibTlOVm5CeVVuRldielUySzIxSE9UTjNhMjFOZG05bVRGRnhUMDQwV1Zka1VsUndaM2xqYkVkVFUyUTJjVkprZUVWWmVVOU9NazluVVdkb2F6bHROM1ZwUkZkdVpGaHZlR04xU2xsNFEzTmxlazl4UkZGVldYcFVlR0k1Y0ZsSWVsaEZlazV3YkU5R1duQnNlV3h4U1U0cllVcFFkblp4YkVKMGVEWkRlWEZhZVhaalExSkZVblEwUjBOTmJITnViMVJsWlhkNU1rRnhiRGREV2xOT2MxZFRXV1ExTkhCTVpUSXliVFZIYVdka1JXaE5lWEJpVWxSelNsSjRUa0ZqYjNOSFlrRktZa3BDUnpCUUlpd2liV0ZqSWpvaU1UTTBZak5oTldReE4yUTBOVGhrTTJFd05XVXhZVFJqTmpKbFpqWXdOR1l4WmpFeE5tSTRZVEF6T0dRNFl6TTVaVEl5TlRaa1kyRmxPR0kxTTJRME15SXNJblJoWnlJNklpSjk=', 1734689158),
('R4aOlwgvuA2vOdgL7efDgb7hbiT2cOfek9mEIA2g', NULL, '66.102.8.128', 'Mozilla/5.0 (Linux; Android 7.0; SM-G930V Build/NRD90M) AppleWebKit/537.36 (KHTML, like Gecko) Chrome/59.0.3071.125 Mobile Safari/537.36 (compatible; Google-Read-Aloud; +https://support.google.com/webmasters/answer/1061943)', 'ZXlKcGRpSTZJazlPYVV4a1NGTm9XakJOZFdrdllUaHJaVzlIZG1jOVBTSXNJblpoYkhWbElqb2lXbE53UzFORVdGTkpjVU5qUTFrclpGWnhXbllyWlZGdGVUQXZTQzg0Tm5FMGJ6RmtPV3RXTnl0NWJFVlRTVWxsWlRsbVptWmhiM2RhTXpsamJVMU1WRE42YWxGaVowbGlNbFozTkZBMVlXSjVNSFZXUVdwUVoxUlZOVWN4VmxadFVTOXpVblpzVlRBM1UzcHNaR3hGVHpkVVQxUlhURVoyV1ZWVFdXRkxkMk0wV1hJeVpYZ3pabTk0WjBGNllXOXdTVGRUTmxOYU1sVlpiME5IUmxVNE0yZzRlWFJuWWxoTllWUlBNVkYyTldaS05VRlVPVzVGSzI1RVlqaGllV3hHZVhZeVdXWmhhRlJxVXpoaFpFMUVhRUY0VldSYVdVSjFkVGMwUnpCQmJXdEVPV2ROYkVORGQwTjZaazk0UVZKdlRqTnFkbFk0Y1U5YVNtTkJUMFp6VVdKTE4wWjZiWGsyYlhjMlMydHFZWFJwVVZWbVdsRTlQU0lzSW0xaFl5STZJakE0TVRKbU5qZ3lObUU0WlRJME9XSmxOV1UyT0RBM1pEZzBOelZpTkRNMVptSTNOVE5oTlRnNE5XVXlaVFV5TXpnMVpXTXdZek16TUdGa1pXUmtNV0VpTENKMFlXY2lPaUlpZlE9PQ==', 1734689129),
('rtGWlaIvx4YkOUDx8IQMuIlVHy0JMhAxv48vOEi2', NULL, '66.249.83.12', 'Mozilla/5.0 (Linux; Android 7.0; SM-G930V Build/NRD90M) AppleWebKit/537.36 (KHTML, like Gecko) Chrome/59.0.3071.125 Mobile Safari/537.36 (compatible; Google-Read-Aloud; +https://support.google.com/webmasters/answer/1061943)', 'ZXlKcGRpSTZJbEVyVjA1UVNFcGFPRUpZU0N0aU5tVjZZakUzUjNjOVBTSXNJblpoYkhWbElqb2lTMHRpU0daTVRtOVRjbTFxYmxkSU1XTjVhams1VFZKbFVHWkZUakZXV1VSa1YwUjRVVmxoWkZnM1NqUTJhRkJVV1RCb05sVnROWGhNT1dkTE5UbGlaMUUzUWxkNVYyRlVkWGhEZFZrd2NWUm9UVU5VUmtGM2JEUlZSU3QzTmxwMFJtNURaWEpVVXpjeGFESlhRMU5sVDFCbFZuUm1Vbkp6YkhOc1NsYzFkekZWVEZsNFNrNTBlVTgzV25CbVZDOTFNbXB4VG1aaFlrOHdWRlZXU2pkc2FtWXJXR2RFWVROdldtZ3ZUVVpaVUZZMVVUQXplbFJhUkV0aU9YUkhha3BUWjNvMmVuUkpNRWxvWjBwQ2NUbGpXbWhRYTBaME5qZHpNa2MzVkhneFNGTm9WMmxQU3pKQ1pHaGpLM1ZhVEVOcGJYTk1lVlpTUVRCUVRFSkZSbVpXYkM5S2N6VnZlbFJEY0cxS2RsSldjVVJuV0M5blpVRTlQU0lzSW0xaFl5STZJbUZqWVRGa1kyTTROMkZtT0daak1HTXdOelpqWVRReE5EY3pPREZrWkRjME4yTXdOakE0Wm1FMVlURXhObVpoTXpVeU56YzBZMlEzTkdRM1pqQXdORFVpTENKMFlXY2lPaUlpZlE9PQ==', 1734689129),
('urflEEVlxvArvNQJU1mTT8Mac9o04ldFaQeJIrbQ', NULL, '66.102.8.128', 'Mozilla/5.0 (Linux; Android 7.0; SM-G930V Build/NRD90M) AppleWebKit/537.36 (KHTML, like Gecko) Chrome/59.0.3071.125 Mobile Safari/537.36 (compatible; Google-Read-Aloud; +https://support.google.com/webmasters/answer/1061943)', 'ZXlKcGRpSTZJa2xxWXpCQ1ZWbDVjbGR6WlVsd1ZuQTBhelk1Y0VFOVBTSXNJblpoYkhWbElqb2lSVXgxYzJwRmJsVnpNVVpIT1VkQ1JFWmpRa1l3UkhGeFZXcEpTR2RvZDNwaGJsbG9RWGRCVDB0eFZWcFhXRnBVUVROUVprNHdNWGxpZDJFMlFrUXZjV2hsYlVOcmJYcG9ja3BtYjFOS1VVWkhUa1ZhTUc5Q0sxZDROREJ4VlV4eU56RkxSWFYzZVdOTE4wOXdaemxFZHpWRmRFSmpUWFF4ZDJGd1RrYzJhMk5HZVd0RWNHUm5MM1JzVjJRNWFrZGxTblZYVmpKa2FsVjVWM1V5UTNoWGRVTkVURVJLZHpjMVJ6ZFJUWFJZSzNKc1JtMWxla2x4WjBOM2NsTlVWRTEwV21ORmRIQTRVVWRrZURoTlRXTk9abGRqZW1ob1VETTBjbUpSWlhCdVJrZG9aalJZYjFodE1IcGhOWE5IWlM4MmEwTlhWalJSVEN0UU0yZGhhR1JaWjNkelVHZGlSbHBtTWtKQ2JtOVpka3BwWlhaa1NtMHZZWFUwWkZCcVpqZHdNSEZuTlVGS1dscHRhbGR1VnpGMGVUWmpSVzh2VlRVdlREaGlWWGhUYldWM2J6YzVOVWxaUkZaTWFVUmphbGxsYlRadVprMTZSU3MxWlRkT2NHbG1TSHBDTTFsblNGWnFRM2hzTUVWNGEzQkJjbkkzVkUweGRrVkJUblZ5V0VvNUlpd2liV0ZqSWpvaVpUazNZakZpTm1abFptWXdZalppTkdGaVpUVTRZekkyTVdZd1kySXlOamcwTjJKalpEbGhNRGxqWVRnM1kyVmtZemd6WkdVd1lqRXdaamM1TVRZMllTSXNJblJoWnlJNklpSjk=', 1734689158),
('WDyRybuNUW0gVX9umPY0Wr8nMtUNySh4A5Ah24rZ', 21, '37.67.74.97', 'Mozilla/5.0 (Linux; Android 10; K) AppleWebKit/537.36 (KHTML, like Gecko) Chrome/131.0.0.0 Mobile Safari/537.36', 'ZXlKcGRpSTZJa3h0TWxRMFYxTjRTazVGVEdWRlEyOTZSRk42YUVFOVBTSXNJblpoYkhWbElqb2lSbUp0VHpFNVJqTnBVVGhTVm14NGFHeHZXVElyZFZKU05sbEhjamhTU1RoNlNUVnVWMEpMVjNWck5VZzJaVzlIU0hCSWMzQTViWFpQZW1RMVZVeDVhVzR3TjNkeGNuRnRkMDVEYUVaNE9FUjZXRVZHWTI5NVJITkpNbE5FY1hvMGJFMHllRUV2U1VrMmFtaFlZMGhRYVRoTWJVbFlNSEJMT0RkUVp5dDNORlpZV1hsamF6WldXR0pwYUhVMVRtazNZa1ZEZVROVGNFUm1SeTlhUWtZMGJsTXdTemx4TkhKTlQxWnpWblo0VkhwTlprTkJjbFpaUlVWemNEazBNbU5OWnk5cVNYRlNWMnRYVDBkWldIQnFRVzFuT1ZRNWQycEJUSG92TW5SNFIwSkpha3BXV0hOdlduUlJja1U1VEhodFRuTmxRbmh5U2paUUszZDFRM0JYY2xsdFVtbE1NMjlITjJvMVJYbEJlRWhuZDJKM2EyZDBRbWRVTlVoM1N6UkJhelI2VEZCV2JFUjRNV2N4WkRKdmVERm1XazF4VTFjek9XVjVUemxHZDB4bmJpdEZUVWt6VVVacmNtVnNLMFUxVVV4amFYRlVRWE4zZFdoRk5WTkRZbTFCWXpsTE4xQXpVbG95UTFWeGEwSlFkbWR4TVZVM1ZWaFlVVlZQVkZoVGJrVkpabWRWZG5ncmRtNWhSMGRTYUdNNVNFUnNUM04wZW04elUyMTFWbVZUVWxWMldXRnZlWGxwU1dwblJHTjVXQzk2UTBGNmJEQkpWREJIUTBGSlNsUjVhRWRCVlRkMFlWYzNSRWxhVUdGeFVFSjRLMmxOTlhWR2VWZzFRbEZyWnpWa09IUlVNbmhEWkZKeE9VTnNjVGwzY21kcVVDOXdOVUZyUVhWd2VqRTJRVFJoTWtwelZIaFpLM0VyTW1sd2VERlRWbUY0Vmt0a2VISTBabVI2WlZOa1IxVmtXVGxZY0ZCRFNXbGtWVUpvUkRCME1HdGlLMWhyVXpoV00wZElTWHBTZURGTmNXbEJaRkUyUW5aTlpFNVpWVGhTUW5sMllrb3lWVVZ0V1V0clNVTkRUeXROZDFKT1drMWtXSEp2UkcwNFNYTlBjRWRKUW5JNVUxWmxOM05yVWxndmNEQnJPV2RFVld4Q1RqQnpTMUJCTW5jME4wWXlWMWd6UVZBd2NucEtXR1F3UzFoak1HODJORFpFU1V4U1VXUm9kRkZ1TVU1cWNESllaVlkwUlM4clYxbG5NbGRyVUVGdWIyOUpOWEZpU0ZsTlEwVlFMMVl6Vm5wbWVVUlJibGhXY1Zwd1JESkxNbmczZVZScGNVbEJjRmhaZUVjMWREaDVkVVpJWjJwc1JWTnNUM0kzVGtab1VVVktUSGxxYlc5bksyeElhWEE0TkdkTWFFWnVlbUptTUc1VmFFdzVNUzlHYkhabFJ6bE9NM1puVTFsdVNWZHNkVkYyTVRVdlVIcGpXbFJhY0VoNFExUnRNVVV4VVhSSmFVSXdTM05SWVhkQmQxbG1hRkpVT1hWTldEaE5hWGswZEV4aVVXWnhjVzVYYUVsQ09FRXZPRWx3Y2tkWlkzSjNZbGhuU1VKelF6TlBMMHhyZWxONlFVMVVSbVpXV1VkbFpXWkVZWGhCTVdsSE9YRkZVa3hGUm5CM2R6ZFZXSHBLUzFKbWIxUnRja2gxYVhsSmNVeGpjRGRsVWxsQ1lXUTFkRTlvYkZKVkwzWkZORVppSzJsSlJ6VlBla3RQWkVSdVpFTjJjV3A1WTNoSFRFUk1aakJhYjBrMFlsQk9OeXR0Y3pGbGNYWkhSaTlwUXpVemVYbFBRMHRSVjAxelVFTkxjbkIwUzNsM05sbDRUMVpDYlRsQlZ5dEpZMnBHVm5RNE9XcDBNVkp1TVdsbE9WWlpablJXYjFZeWJXNHZTM0ZVYm1oemEzTXlibEU1TUdweFdIRnNhV1J5WWtZMFprSlJXR1J3WTNwRmJsUnNOa2gwWVUxb1JFNXJNVWhvUWxKM1ZFZ3hNek5XTm1zeldGTldZelZUV1RseVducDZOVzFCUTJSQmFqTkRUMDF6Ym5sQ2FUZEVSbGQ0Tm1GaVlWaDNlbFpPWVhKQmNIUnFObVJrWnpGMlltUm1LM2s0TTBOclZUZFFTVlpJYzBwMlVsZGFWRzVyZFhWdE9IVnliRlZXVFhwWFp6RkxPWGh0VmxsSmQyTTRkVVZXWWtWaWVUVjRhek56VGxadlpsb3JhRVpNWTJseWRrNVZWekpGVkZwelZXd3hiV3BuU2xwQ1V6bHpiRWhuWjNZMlpuUnZPVFk0ZDNwYVVHWXdMME50VUdSb1VXWjNLemRRVFdWalJVNW9Ta3hFZGpsaVZsUlljRTFJWjJaeE1Wa3lOVGhPU0VsQlpIbGFiWGRQVHpaT1JFcE5jeTlpT1U1Nk5GRXdXbk4wTTJONk5VNXFlRmxFWVM5bWJqUXJRVUpIWVU1bFlUSkphMWhaUlc1Mk56VXZVbnBhY2pKVWJHYzNTMXBFWlhVdk1ESktSVVJaWmpKTlZFeE9kMkZNWm5CSmFqTlBkR0poV0hKdlZYZEZiMHc1VG5CM1VUWnVSVTEyTDFOcVVXRnRjMWQ1VUZob1VrTm5hMUo1V1RCMWFreDVPV2hWYjFONkswOWtlRGRFTTA5V1JFSTRNREJSWW5SUlRIcFJORUZxVXpkTWNGWlJVbWM0U0dWa1pVUXJWMFJpSzJocGJWcHpaSEkzYlVGS1VsRm1hbnBvYTJGcWJUSnljbkpKVEZNMFRFZHhlakprYkhGTmRYUnFiazVFUlRGcVJ6RXZWVlJXU0hGS2FXYzJTRFpGT1UxdWFYZGhWbTVxUnpkVE1FOVFOelJJUm5WT1JXTnJiVXBtYlRoMmNXbExSM1ZyVmpFMU4xSkNUVlZ6VmxZeFJqWjVhV2Q0TTJVd1lVeFFZelJzT0cxcVFrUXZORkIyTW01M1F6aHdhRVEwVUV4MFJtdFdjV2RCTlV4eE1HaEVLMnR6VjA5b0wxVnFXQ3R2YnpORGMzRXJOMWxVVEdSd2NWTjJha3haU214aFdtVkJVVGxtWXpOYVUwRXZOM0pqV1hwV1RFVkZla1p2WlhWNFNsbGxNWEJMZEhOVU5raHNkVlZTWldvclVrVlVWMGxvWVVOMmNuUXZSM1ZNU21ZelYxVk9hakV2VTNocFVuVm1lVkJJZFdGcGExRmtORWx1VVU1UFVVeElkazlxZVRGRE1tZENTa3BDY2twdGMxbEtNekpPYVZsRFFWaDRaWFJUWkdaak9FWk5SM0V3TDNoVlEwaEdVMVpyYVhObU56TmhZakZvUTJoM0t6aDVkVk5MUkhWaVRXaEdNWFpQWW1kMlNHVmpjbVZ5VlZSalVYaFFkMmc1YjA0eGFXVnJaVlk0WW1FeVQwUXlibVlyTVhKYVVYY3JkVEpJVm5kMU1GbHZTemRaWWxkR2VsQndXazFUVjJ0WldUTkJWMEZVYWsxVmJsSm5kRTAzTnlJc0ltMWhZeUk2SWpoalpEVmxabVptTnpZelptRTBOVGhsT0dKa01qTmpPRFprTkdOa1pqZGhOMk5tWWpVMVpqVTVOVGhtTVdVeU4ySmhOakUzTXpnNFptSm1OelUxTlRjaUxDSjBZV2NpT2lJaWZRPT0=', 1734689187),
('yhd7KRjnePIgxnw8UY3YeoyNnKVwf45aJik0v8pk', NULL, '193.186.4.54', 'Mozilla/5.0 (Linux; Android 10; K) AppleWebKit/537.36 (KHTML, like Gecko) Chrome/131.0.0.0 Mobile Safari/537.36', 'ZXlKcGRpSTZJalpxU1RNcmRYVkVkRVJSYnk5UWFTOUJSVFpCYUZFOVBTSXNJblpoYkhWbElqb2lOWGRoUTFKWGJrNWxNbkpwTVc1T1NrTlNWMUZGZGpSamMzcERiMDkzVG5sR1lrNVhUVEppWlRSbFIwUnNaMlpFUm01Nk4xQXZNMVZ1T0VGYU4zRmxUVXBqZEhOdFMzaHZiMmx4T0VkYWVreENVRzVLTkhWSk1HWnFaR3BaVkd0UFZHVTRVblZ4Y0VGaWFHdEdlVmM1WlZrclkybEpiRzlQU25aaVpHRjJiV2d2ZHk4cmJtOVBRbkU0YjNWRlRWQkJRV0UzUkVOQ1dUbHdPVmhIYWsxaE5sQktPRTlIV1VSaFNHNVJQU0lzSW0xaFl5STZJbVJtT0RZek9EUmlNRE01TURCbE5ESTVNMlV3WmpobFkyTXdPV0ZoTXpZeU9HUmxOalUxWmpsak1HRmhabU15TVRneE9XRmlOekl3WlRFMlptVXdNellpTENKMFlXY2lPaUlpZlE9PQ==', 1734599192),
('YP0v5YqKjdqsnNMQGftwi14mhb3qc4BsAAq9VcA7', NULL, '37.67.74.97', 'Mozilla/5.0 (Linux; Android 10; K) AppleWebKit/537.36 (KHTML, like Gecko) Chrome/131.0.0.0 Mobile Safari/537.36', 'ZXlKcGRpSTZJalppYkdaT1dERm5kVkpCVFdOa1RGSXZiR3RCYldjOVBTSXNJblpoYkhWbElqb2liak12V0d3eFprSkRWM0JEY0VkSVVXUlJTM1JSYWxCU1ZuTmhTbGhwWTNkSWJFYzJXWEJ1TTNCckwyaGtlRzR6T1RCNmVsRmtURFJ5TUhCS2NtTjJheXRzY21WblRXMXNLMkZqWldkR01TOVFhbFJKUzNwdGMydHlWa2t2UlhaM1JFazNOVEpRWW10alJqTk9iMHRyTm1jMmNHMDJibVZSZW1wTFUwVTJjazA1UWtNeVFWbGxWM1poVGpaaFJXRjRWMDFuUlRSUGRuZDRUMVZFVjFoaE5tbE9ZMEZRZUVOWVRrNXZhVFZXWkM5UlRYbDRXblJVY1RKWGIzQlRRV3MwTm1zelNWaExaMVI0VlRrdlNWcDFUR1FyU0RNeWRYWlliWE15YlhCR00zQnlhRlpFYkZaWVlsSTFWMEZpZFRSaU1WTnNXaXRuYkcxeWVHOVRjMFowU0hvelJURjNUVnAxVFd4b1VYcDNhamQwY1hSbVFqSlZUelpsWnpaaUwzbE5TM0pGVDJ0bFdtTTBlbWR1VlU0MFJraDNkemRWT0dsaVUxSTRZbUYyZUhwMWRqUnJUbFF4Y21Sb1ZEVjZUbkZwVDBKWFVXWlpRVXhDVUZveGNURXdjRVpzYW5kUFlUZDJSVmh6UFNJc0ltMWhZeUk2SWprMlpUQm1aR05tTWpsaE1XSTNNall5TVdaaFpEVXlaRFprTkRSaE0yRTBNMkV3T0RobE4yVmtPREU1TVdGbU5HVTBPR0V4TmpWaE9UUXhNVEZpWldFaUxDSjBZV2NpT2lJaWZRPT0=', 1734599140);

-- --------------------------------------------------------

--
-- Table structure for table `specials_dates_prices`
--

CREATE TABLE `specials_dates_prices` (
  `id` bigint UNSIGNED NOT NULL,
  `spe_date` date NOT NULL,
  `spe_price` decimal(8,2) NOT NULL,
  `created_at` timestamp NULL DEFAULT NULL,
  `updated_at` timestamp NULL DEFAULT NULL
) ENGINE=InnoDB DEFAULT CHARSET=utf8mb4 COLLATE=utf8mb4_unicode_ci;

--
-- Dumping data for table `specials_dates_prices`
--

INSERT INTO `specials_dates_prices` (`id`, `spe_date`, `spe_price`, `created_at`, `updated_at`) VALUES
(1, '2024-12-31', 180.00, '2024-11-17 19:42:15', '2024-11-17 19:42:15'),
(2, '2024-12-24', 200.00, '2024-11-17 19:42:32', '2024-11-17 19:42:47'),
(4, '2024-11-20', 105.00, '2024-11-19 16:57:51', '2024-11-19 16:57:56'),
(6, '2024-12-07', 1.00, '2024-12-03 17:40:57', '2024-12-03 17:40:57'),
(7, '2024-12-08', 0.50, '2024-12-04 15:23:15', '2024-12-04 15:23:15'),
(8, '2024-12-15', 5.38, '2024-12-14 14:21:33', '2024-12-16 11:09:28'),
(9, '2024-12-17', 1.00, '2024-12-14 14:24:10', '2024-12-16 12:55:43');

-- --------------------------------------------------------

--
-- Table structure for table `users`
--

CREATE TABLE `users` (
  `id` bigint UNSIGNED NOT NULL,
  `name` varchar(255) COLLATE utf8mb4_unicode_ci DEFAULT NULL,
  `email` varchar(255) COLLATE utf8mb4_unicode_ci NOT NULL,
  `google_id` varchar(255) COLLATE utf8mb4_unicode_ci DEFAULT NULL,
  `email_verified_at` timestamp NULL DEFAULT NULL,
  `last_login` timestamp NULL DEFAULT NULL,
  `password` varchar(255) COLLATE utf8mb4_unicode_ci NOT NULL,
  `remember_token` varchar(100) COLLATE utf8mb4_unicode_ci DEFAULT NULL,
  `created_at` timestamp NULL DEFAULT NULL,
  `updated_at` timestamp NULL DEFAULT NULL,
  `role` varchar(255) COLLATE utf8mb4_unicode_ci NOT NULL DEFAULT 'user',
  `phone` varchar(255) COLLATE utf8mb4_unicode_ci DEFAULT NULL,
  `picture` varchar(255) COLLATE utf8mb4_unicode_ci DEFAULT NULL,
  `deleted_at` datetime DEFAULT NULL,
  `name2` varchar(255) COLLATE utf8mb4_unicode_ci DEFAULT NULL
) ENGINE=InnoDB DEFAULT CHARSET=utf8mb4 COLLATE=utf8mb4_unicode_ci;

--
-- Dumping data for table `users`
--

INSERT INTO `users` (`id`, `name`, `email`, `google_id`, `email_verified_at`, `last_login`, `password`, `remember_token`, `created_at`, `updated_at`, `role`, `phone`, `picture`, `deleted_at`, `name2`) VALUES
(1, 'aze', 'aze@aze.aze', NULL, '2024-10-21 14:58:04', '2024-12-14 14:27:05', '$2y$12$jYBNBZPUdSFQDHbT1tN/ruVre9YRT03E0eOPBAlFhJ0SopZ3OZym.', NULL, '2024-10-13 22:40:49', '2024-12-14 14:27:05', 'user', '0615648411', 'zvOMxtuDc58XhyVI2aH1SmyEfHaPDFBeAJWMRjlm.jpg', NULL, 'aze2'),
(2, 'M&C', 'moelleux@gmail.com', NULL, '2024-10-21 14:58:03', '2024-12-18 15:05:26', '$2y$12$tQo.vYJonUjC7/DabNLrbe/XefD6Oh0y1qHkKWOhRAfV/vBohT8FO', NULL, '2024-10-13 22:43:36', '2024-12-18 15:05:26', 'admin', NULL, '4qCt01vHC1B0nppAdTxXztBQA70jiNlCu3ZHi4BV.jpg', NULL, NULL),
(4, 'qsd', 'qsd@qsd.qsd_soft_deleted_99006', NULL, '2024-10-21 14:58:09', '2024-10-21 14:58:03', '$2y$12$YmfT7oz2OoBl60f4.4IAxu0Z79pFlX1PAlbyzM1jvo97zms4.NHIC', NULL, '2024-10-13 23:11:49', '2024-12-18 15:01:23', 'user', NULL, 'default_user.png', '2024-12-18 16:01:23', NULL),
(5, 'Léo RIPERT', 'leo.ripert0@gmail.com_soft_deleted_57445', '114392890091919744308_soft_deleted_5585', '2024-10-30 21:24:08', '2024-10-30 21:23:42', '$2y$12$kilnvdQTfGOeL55ECdq49eKhWsGvGbWcLLIpgGxL3c/xeyD3D1RxK', '705RNwsVSZLbEDo8gPXj8ZSeS8xcfkKA7e0Qxvv2kq2uAEpZQ56scXvHnd2a', '2024-10-14 01:47:54', '2024-11-11 16:02:09', 'user', '0622341685', '9Jum8yEhBePsMQLfVU0LiKlfEyBNz3pmQYFo3T6V.jpg', '2024-11-11 17:02:09', 'Léa'),
(7, 'Admin', 'fake_admin@fake.admin', NULL, '2024-10-21 14:58:50', '2024-12-05 11:05:30', '$2y$12$osX.uZK2L2CDn2GU1unCqO3nvj52ci1YIEGVAkEkeYZvg3S7TcRxa', NULL, '2024-10-15 19:10:47', '2024-12-05 11:06:41', 'fake_admin', '0101010101', '1GzKPuYpPO7pIqQjaexTtA4GtRRkTwdVGTqQCaNJ.jpg', NULL, NULL),
(17, 'Léo RIPERT', 'leo.ripert@gmail.com_soft_deleted_8627', '106862800151048659852_soft_deleted_3193', '2024-11-07 18:13:59', NULL, '$2y$12$ZnFDY5BvC2uVI/1vWs7ilOFiWQaLd6Z9IjvXGWa8CSVLewzITYfsS', NULL, '2024-11-07 18:13:59', '2024-11-07 18:16:59', 'user', NULL, 'https://lh3.googleusercontent.com/a/ACg8ocIW3cUBAEhHpYVWwej7N8qrD2wPpcZoPYC2QrA8dmo1zi-w6rlb=s96-c', '2024-11-07 19:16:59', NULL),
(18, 'Léo RIPERT', 'leo.ripert@gmail.com_soft_deleted_12931', '106862800151048659852_soft_deleted_56463', '2024-11-07 18:23:50', NULL, '$2y$12$qi9yp0VEK3h5YKrD/wS0TOd6sdQLBx2QpFTyITtbLx2ue5NtQuS2W', NULL, '2024-11-07 18:23:50', '2024-11-10 02:48:49', 'user', NULL, 'https://lh3.googleusercontent.com/a/ACg8ocIW3cUBAEhHpYVWwej7N8qrD2wPpcZoPYC2QrA8dmo1zi-w6rlb=s96-c', '2024-11-10 03:48:49', NULL),
(19, 'Léo RIPERT', 'leo.ripert@gmail.com_soft_deleted_39891', '106862800151048659852_soft_deleted_29195', '2024-11-10 02:48:56', NULL, '$2y$12$JnQBY0cLpXZvN3dfom.qPeSIwYyM1Ai4Hein.Z7SLTTzqXkHtevl.', NULL, '2024-11-10 02:48:56', '2024-11-10 02:49:30', 'user', NULL, 'https://lh3.googleusercontent.com/a/ACg8ocIW3cUBAEhHpYVWwej7N8qrD2wPpcZoPYC2QrA8dmo1zi-w6rlb=s96-c', '2024-11-10 03:49:30', NULL),
(20, 'Léo RIPERT', 'leo.ripert@gmail.com_soft_deleted_89580', '106862800151048659852_soft_deleted_18638', '2024-11-10 02:49:35', NULL, '$2y$12$D810InYZx4ltj2.oqGkjr.aVQ7K2FhI90ocqwYy0rr4Wo61H7CfNm', NULL, '2024-11-10 02:49:35', '2024-11-12 18:21:35', 'user', NULL, 'https://lh3.googleusercontent.com/a/ACg8ocIW3cUBAEhHpYVWwej7N8qrD2wPpcZoPYC2QrA8dmo1zi-w6rlb=s96-c', '2024-11-12 19:21:35', NULL),
(21, 'Léo RIPERT', 'leo.ripert0@gmail.com', '114392890091919744308', '2024-11-12 16:00:19', '2024-12-20 10:05:26', '$2y$12$OIhlo6h7etRUgsgpNh7.DOVQ228.xdXvGgCRK64ivrJGErwLKMwQ6', NULL, '2024-11-12 16:00:20', '2024-12-20 10:05:26', 'user', '0663265946', 'E6h9nbDbkSGG2Va4kl9IVnXLDwf0yfPyZhn83jwS.jpg', NULL, NULL),
(22, NULL, 'wxc@xc.wxcc_soft_deleted_78055', NULL, NULL, '2024-11-19 16:52:23', '$2y$12$zIoWYlpSA0TnhfpfN68tZOrWDrUn2FyvVKYlwcOjdMzvuieZKxRoO', NULL, '2024-11-19 16:51:58', '2024-12-18 15:01:13', 'user', NULL, 'default_user.png', '2024-12-18 16:01:13', NULL),
(23, NULL, 'leo.ripert@gmail.com_soft_deleted_33794', NULL, '2024-12-18 14:57:23', '2024-12-18 15:00:02', '$2y$12$iWn6yDhU8YDaYvSaoj044OAYXOrLfQvIudi4H8HxwYcICapkRSkGi', NULL, '2024-12-18 14:57:06', '2024-12-18 15:00:33', 'user', '0615166490', 'UErFDyW7sfwHuJOeyiZ0SpdyzCbQGG8gRcXWRly8.jpg', '2024-12-18 16:00:33', NULL),
(24, NULL, 'leo.ripert@gmail.com_soft_deleted_63296', NULL, '2024-12-18 15:04:22', NULL, '$2y$12$QCL98Ke6uCaWAgj3CgQyA.Hmv33ojW52/qNA6UJogfIWeY3K3bEie', NULL, '2024-12-18 15:04:10', '2024-12-18 15:08:17', 'user', NULL, 'default_user.png', '2024-12-18 16:08:17', NULL);

--
-- Indexes for dumped tables
--

--
-- Indexes for table `admin_comments`
--
ALTER TABLE `admin_comments`
  ADD PRIMARY KEY (`id`),
  ADD KEY `admin_comments_user_id_foreign` (`user_id`);

--
-- Indexes for table `cache`
--
ALTER TABLE `cache`
  ADD PRIMARY KEY (`key`);

--
-- Indexes for table `cache_locks`
--
ALTER TABLE `cache_locks`
  ADD PRIMARY KEY (`key`);

--
-- Indexes for table `failed_jobs`
--
ALTER TABLE `failed_jobs`
  ADD PRIMARY KEY (`id`),
  ADD UNIQUE KEY `failed_jobs_uuid_unique` (`uuid`);

--
-- Indexes for table `jobs`
--
ALTER TABLE `jobs`
  ADD PRIMARY KEY (`id`),
  ADD KEY `jobs_queue_index` (`queue`);

--
-- Indexes for table `job_batches`
--
ALTER TABLE `job_batches`
  ADD PRIMARY KEY (`id`);

--
-- Indexes for table `migrations`
--
ALTER TABLE `migrations`
  ADD PRIMARY KEY (`id`);

--
-- Indexes for table `options`
--
ALTER TABLE `options`
  ADD PRIMARY KEY (`id`);

--
-- Indexes for table `option_reservation`
--
ALTER TABLE `option_reservation`
  ADD PRIMARY KEY (`id`),
  ADD KEY `option_reservation_reservation_id_foreign` (`reservation_id`),
  ADD KEY `option_reservation_option_id_foreign` (`option_id`);

--
-- Indexes for table `password_reset_tokens`
--
ALTER TABLE `password_reset_tokens`
  ADD PRIMARY KEY (`email`);

--
-- Indexes for table `prices`
--
ALTER TABLE `prices`
  ADD PRIMARY KEY (`id`),
  ADD UNIQUE KEY `prices_key_unique` (`key`);

--
-- Indexes for table `reservations`
--
ALTER TABLE `reservations`
  ADD PRIMARY KEY (`id`),
  ADD KEY `reservations_user_id_foreign` (`user_id`);

--
-- Indexes for table `sessions`
--
ALTER TABLE `sessions`
  ADD PRIMARY KEY (`id`),
  ADD KEY `sessions_user_id_index` (`user_id`),
  ADD KEY `sessions_last_activity_index` (`last_activity`);

--
-- Indexes for table `specials_dates_prices`
--
ALTER TABLE `specials_dates_prices`
  ADD PRIMARY KEY (`id`);

--
-- Indexes for table `users`
--
ALTER TABLE `users`
  ADD PRIMARY KEY (`id`),
  ADD UNIQUE KEY `users_email_unique` (`email`),
  ADD UNIQUE KEY `users_google_id_unique` (`google_id`);

--
-- AUTO_INCREMENT for dumped tables
--

--
-- AUTO_INCREMENT for table `admin_comments`
--
ALTER TABLE `admin_comments`
  MODIFY `id` bigint UNSIGNED NOT NULL AUTO_INCREMENT, AUTO_INCREMENT=11;

--
-- AUTO_INCREMENT for table `failed_jobs`
--
ALTER TABLE `failed_jobs`
  MODIFY `id` bigint UNSIGNED NOT NULL AUTO_INCREMENT, AUTO_INCREMENT=13;

--
-- AUTO_INCREMENT for table `jobs`
--
ALTER TABLE `jobs`
  MODIFY `id` bigint UNSIGNED NOT NULL AUTO_INCREMENT, AUTO_INCREMENT=13;

--
-- AUTO_INCREMENT for table `migrations`
--
ALTER TABLE `migrations`
  MODIFY `id` int UNSIGNED NOT NULL AUTO_INCREMENT, AUTO_INCREMENT=44;

--
-- AUTO_INCREMENT for table `options`
--
ALTER TABLE `options`
  MODIFY `id` bigint UNSIGNED NOT NULL AUTO_INCREMENT, AUTO_INCREMENT=9;

--
-- AUTO_INCREMENT for table `option_reservation`
--
ALTER TABLE `option_reservation`
  MODIFY `id` bigint UNSIGNED NOT NULL AUTO_INCREMENT, AUTO_INCREMENT=146;

--
-- AUTO_INCREMENT for table `prices`
--
ALTER TABLE `prices`
  MODIFY `id` bigint UNSIGNED NOT NULL AUTO_INCREMENT, AUTO_INCREMENT=4;

--
-- AUTO_INCREMENT for table `reservations`
--
ALTER TABLE `reservations`
  MODIFY `id` bigint UNSIGNED NOT NULL AUTO_INCREMENT, AUTO_INCREMENT=34;

--
-- AUTO_INCREMENT for table `specials_dates_prices`
--
ALTER TABLE `specials_dates_prices`
  MODIFY `id` bigint UNSIGNED NOT NULL AUTO_INCREMENT, AUTO_INCREMENT=10;

--
-- AUTO_INCREMENT for table `users`
--
ALTER TABLE `users`
  MODIFY `id` bigint UNSIGNED NOT NULL AUTO_INCREMENT, AUTO_INCREMENT=25;

--
-- Constraints for dumped tables
--

--
-- Constraints for table `admin_comments`
--
ALTER TABLE `admin_comments`
  ADD CONSTRAINT `admin_comments_user_id_foreign` FOREIGN KEY (`user_id`) REFERENCES `users` (`id`) ON DELETE CASCADE;

--
-- Constraints for table `option_reservation`
--
ALTER TABLE `option_reservation`
  ADD CONSTRAINT `option_reservation_option_id_foreign` FOREIGN KEY (`option_id`) REFERENCES `options` (`id`) ON DELETE CASCADE,
  ADD CONSTRAINT `option_reservation_reservation_id_foreign` FOREIGN KEY (`reservation_id`) REFERENCES `reservations` (`id`) ON DELETE CASCADE;

--
-- Constraints for table `reservations`
--
ALTER TABLE `reservations`
  ADD CONSTRAINT `reservations_user_id_foreign` FOREIGN KEY (`user_id`) REFERENCES `users` (`id`) ON DELETE CASCADE;
COMMIT;

/*!40101 SET CHARACTER_SET_CLIENT=@OLD_CHARACTER_SET_CLIENT */;
/*!40101 SET CHARACTER_SET_RESULTS=@OLD_CHARACTER_SET_RESULTS */;
/*!40101 SET COLLATION_CONNECTION=@OLD_COLLATION_CONNECTION */;
